도시,재단명,지점명,근거 문장,근거 URL,확인일
수원시,경기신용보증재단,팔달지점,○ 신청서 교부 및 접수처 : 경기신용보증재단 팔달•광교지점,https://www.suwon.go.kr/web/saeallOfr/BD_ofrView.do?notAncmtMgtNo=149008,2026-10-01
수원시,경기신용보증재단,광교지점,○ 신청서 교부 및 접수처 : 경기신용보증재단 팔달•광교지점,https://www.suwon.go.kr/web/saeallOfr/BD_ofrView.do?notAncmtMgtNo=149008,2026-10-01
성남시,경기신용보증재단,성남지점,❍ 접수방법: 경기신용보증재단 성남지점 방문접수,https://www.seongnam.go.kr/pm010305/144498,2026-10-01
성남시,경기신용보증재단,성남지점,나. 상세한 내용은 경기신용보증재단 성남지점[1577-5900] 또는 성남시청 지역경제상권과[031-729-2592]로 문의하시기 바랍니다.,https://www.seongnam.go.kr/pm010305/144735,2026-10-01
고양시,경기신용보증재단,원당역지점(덕양구 관할),"❍ 접수기관: 경기신용보증재단 원당역지점(덕양구 관할) 고양지점(일산동구, 일산서구 관할)",https://eminwon.goyang.go.kr/emwp/gov/mogaha/ntis/web/ofr/action/OfrAction.do?jndinm=OfrNotAncmtEJB&context=NTIS&method=selectOfrNotAncmt&methodnm=selectOfrNotAncmtRegst&homepage_pbs_yn=Y&subCheck=Y&not_ancmt_mgt_no=143047,2026-10-01
고양시,경기신용보증재단,"고양지점(일산동구, 일산서구 관할)","❍ 접수기관: 경기신용보증재단 원당역지점(덕양구 관할) 고양지점(일산동구, 일산서구 관할)",https://eminwon.goyang.go.kr/emwp/gov/mogaha/ntis/web/ofr/action/OfrAction.do?jndinm=OfrNotAncmtEJB&context=NTIS&method=selectOfrNotAncmt&methodnm=selectOfrNotAncmtRegst&homepage_pbs_yn=Y&subCheck=Y&not_ancmt_mgt_no=143047,2026-10-01
용인시,경기신용보증재단,용인지점,"❍ 신청방법 : ① 사전상담(경기신용보증재단 용인지점) ⇒ ② 온라인 신청(용인기업지원시스템, https://ybs.ypa.or.kr)",https://www.yongin.go.kr/user/bbs/BD_selectBbs.do?q_bbsCode=1001&q_bbscttSn=20260209174838332,2026-10-01
용인시,경기신용보증재단,용인지점,❍ 문 의 : 경기신용보증재단 용인지점 ☏ 1577-5900,https://www.yongin.go.kr/user/bbs/BD_selectBbs.do?q_bbsCode=1001&q_bbscttSn=20260119092718401,2026-10-01
부천시,경기신용보증재단,부천지점,"〇 신청서 접수 - 경기신용보증재단 부천지점(부천시 원미구 소향로 217, 4층)",https://www.bucheon.go.kr/site/program/gosi/view?menuid=148002003001&ancmt_mgt_no=101029,2026-10-01
부천시,경기신용보증재단,부천지점,"〇 신청서 접수 - 경기신용보증재단 부천지점(부천시 원미구 소향로 217, 4층)",https://www.bucheon.go.kr/site/program/gosi/view?menuid=148002003001&ancmt_mgt_no=101031,2026-10-01
부천시,경기신용보증재단,부천지점,- 접 수 처 : 경기신용보증재단 부천지점,https://www.bucheon.go.kr/site/program/gosi/view?menuid=148002003001&ancmt_mgt_no=101246,2026-10-01
안산시,경기신용보증재단,안산지점,나. 접 수 처 : 경기신용보증재단 안산지점,https://www.ansan.go.kr/www/common/bbs/selectBbsDetail.do?key=271&bbs_code=WWW13&bbs_seq=1660335,2026-10-01
안산시,경기신용보증재단,안산지점,※ 보다 자세한 사항은 경기신용보증재단 안산지점(☎031-690-4303~4305) 문의,https://www.ansan.go.kr/www/common/bbs/selectBbsDetail.do?key=271&bbs_code=WWW13&bbs_seq=1660335,2026-10-01
안산시,경기신용보증재단,안산지점,나. 접 수 처 : 경기신용보증재단 안산지점,https://www.ansan.go.kr/www/common/bbs/selectBbsDetail.do?key=271&bbs_code=WWW13&bbs_seq=1684042,2026-10-01
안산시,경기신용보증재단,안산지점,※ 보다 자세한 사항은 경기신용보증재단 안산지점(☎031-690-4303~4305) 문의,https://www.ansan.go.kr/www/common/bbs/selectBbsDetail.do?key=271&bbs_code=WWW13&bbs_seq=1684042,2026-10-01
화성시,경기신용보증재단,화성지점,화성지점 | 화성시 향남읍 발안로 101 농협정프라자 4층 | 031-366-8070,https://www.hscity.go.kr/www/gosi/BD_selectGosiDetail.do?q_notAncmtSeCode=04&q_notAncmtMgtNo=141428,2026-10-01
화성시,경기신용보증재단,동탄지점,"동탄지점 | 화성시 동탄반석로 130, 1001-1002호 | 031-613-8777",https://www.hscity.go.kr/www/gosi/BD_selectGosiDetail.do?q_notAncmtSeCode=04&q_notAncmtMgtNo=141428,2026-10-01
화성시,경기신용보증재단,화성지점,화성지점 | 화성시 향남읍 발안로 101 농협정프라자 4층 | 031-366-8070,https://www.hscity.go.kr/www/gosi/BD_selectGosiDetail.do?q_notAncmtSeCode=04&q_notAncmtMgtNo=141368,2026-10-01
화성시,경기신용보증재단,동탄지점,"동탄지점 | 화성시 동탄반석로 130, 1001-1002호 | 031-613-8777",https://www.hscity.go.kr/www/gosi/BD_selectGosiDetail.do?q_notAncmtSeCode=04&q_notAncmtMgtNo=141368,2026-10-01
화성시,경기신용보증재단,화성지점,"□ 신청서 제출 및 문의처 : 경기신용보증재단(☏1577-5900) / ○ 화성지점 : 화성시 향남읍 발안로 101, 정메디프라자 4층",https://www.hscity.go.kr/www/gosi/BD_selectGosiDetail.do?q_notAncmtSeCode=04&q_notAncmtMgtNo=141781,2026-10-01
화성시,경기신용보증재단,동탄지점,"□ 신청서 제출 및 문의처 : 경기신용보증재단(☏1577-5900) / ○ 동탄지점 : 화성시 동탄반석로 130, 드림프라자 1001, 1002호",https://www.hscity.go.kr/www/gosi/BD_selectGosiDetail.do?q_notAncmtSeCode=04&q_notAncmtMgtNo=141781,2026-10-01
남양주시,경기신용보증재단,남양주지점,보증기관 : 경기신용보증재단 남양주지점,https://www.nyj.go.kr/www/selectEminwonWebView.do?sa1Join=01;02;04;05&key=2492&pk=84727,2026-10-01
남양주시,경기신용보증재단,남양주지점,- 보증기관 : 경기신용보증재단 남양주지점(☏031-559-8160),https://www.nyj.go.kr/www/selectEminwonWebView.do?sa1Join=01;02;04;05&key=2492&pk=84727,2026-10-01
남양주시,경기신용보증재단,남양주지점,- 보증기관: 경기신용보증재단 남양주지점(남양주 전 지역),https://www.nyj.go.kr/www/selectEminwonWebView.do?sa1Join=01;02;04;05&key=2492&pk=84824,2026-10-01
남양주시,경기신용보증재단,남양주지점,"❍ 접 수 처: 경기신용보증재단 남양주지점[☎ 1577-5900](남양주시 경춘로 1350번길 35,리치플러스빌딩 5층)",https://www.nyj.go.kr/www/selectEminwonWebView.do?sa1Join=01;02;04;05&key=2492&pk=84824,2026-10-01
안양시,경기신용보증재단,안양지점,나. 접 수 처 : 경기신용보증재단 안양지점,https://www.anyang.go.kr/main/emwsWebView.do?key=4104&regiNo=29544,2026-10-01
평택시,경기신용보증재단,평택지점,2. 접 수 처 : 경기신용보증재단 평택지점(특례보증),https://www.pyeongtaek.go.kr/pyeongtaek/saeol/gosi/view.do?notAncmtMgtNo=122284&mid=0401020100,2026-10-01
평택시,경기신용보증재단,평택지점,"2. 상세한 내용은 경기신용보증재단 평택지점(☎031-653-8555, 내선107) 또는 평택시청 청년정책과(☎031-8024-3571)로 문의하시기 바랍니다.",https://www.pyeongtaek.go.kr/pyeongtaek/saeol/gosi/view.do?notAncmtMgtNo=122284&mid=0401020100,2026-10-01
시흥시,경기신용보증재단,시흥지점,□ 문 의 처 : 경기신용보증재단 시흥지점(☎ 031-434-8797),https://www.siheung.go.kr/main/saeol/gosi/view.do?notAncmtMgtNo=81909&mId=0401040100,2026-10-01
시흥시,경기신용보증재단,시흥지점,나. 접 수 처 : 경기신용보증재단 시흥지점[☎ 1577-5900],https://www.siheung.go.kr/main/saeol/gosi/view.do?notAncmtMgtNo=82127&mId=0401040100,2026-10-01
시흥시,경기신용보증재단,시흥지점,○ 보증신청 : 경기신용보증재단 시흥지점[☎ 1577-5900],https://www.siheung.go.kr/main/saeol/gosi/view.do?notAncmtMgtNo=82128&mId=0401040100,2026-10-01
파주시,경기신용보증재단,파주지점,- 보증기관: 경기신용보증재단 파주지점,https://www.paju.go.kr/user/board/BD_board.view.do?bbsCd=1022&seq=20260119101158902,2026-10-01
파주시,경기신용보증재단,파주지점,○ 문 의 처: 경기신용보증재단 파주지점(☎1577-5900),https://www.paju.go.kr/user/board/BD_board.view.do?bbsCd=1022&seq=20260119101158902,2026-10-01
김포시,경기신용보증재단,김포지점,○ 접수기관 : 경기신용보증재단 김포지점 ※ 신청 전 재단 담당자 사전 문의,https://www.gimpo.go.kr/portal/ntfcPblancView.do?key=1004&ntcn_no=72565,2026-10-01
김포시,경기신용보증재단,김포지점,○ 접수기관 : 경기신용보증재단 김포지점 ※ 신청 전 재단 담당자 사전 문의,https://www.gimpo.go.kr/portal/ntfcPblancView.do?key=1004&ntcn_no=72540,2026-10-01
김포시,경기신용보증재단,김포지점,○ 신청접수 : 경기신용보증재단 김포지점(031-997-1278),https://www.gimpo.go.kr/portal/ntfcPblancView.do?key=1004&ntcn_no=72500,2026-10-01
김포시,경기신용보증재단,김포지점,ㅇ 접수기관(문의처) : 경기신용보증재단 김포지점(☎1577-5900),https://www.gimpo.go.kr/portal/ntfcPblancView.do?key=1004&ntcn_no=73069,2026-10-01
서울 강서구,서울신용보증재단,강서종합지원센터,- 2026. 03. 16.(월) ~ : 서울신용보증재단 강서종합지원센터,https://www.gangseo.seoul.kr/gs040101/317571,2026-10-01
청주시,충북신용보증재단,보증지원부(서원구·흥덕구 관할),"❍ 보증지원부(관할 : 서원구, 흥덕구) ☎ 043-249-5700",https://www.cheongju.go.kr/www/selectEminwonNoticeView.do?key=281&notAncmtMgtNo=150057,2026-10-01
청주시,충북신용보증재단,동청주지점(상당구·청원구 관할),"❍ 동청주지점(관할 : 상당구, 청원구) ☎ 043-279-7950",https://www.cheongju.go.kr/www/selectEminwonNoticeView.do?key=281&notAncmtMgtNo=150057,2026-10-01
천안시,충남신용보증재단,천안동남지점,충남신용보증재단 천안동남지점 | 041-559-3983,https://www.chungnam.go.kr/cnportal/province/province/view.do?nttId=2169809&menuNo=500487,2026-10-01
천안시,충남신용보증재단,천안서북지점,충남신용보증재단 천안서북지점 | 041-559-3911,https://www.chungnam.go.kr/cnportal/province/province/view.do?nttId=2169809&menuNo=500487,2026-10-01
전주시,전북신용보증재단,없음,,https://www.jeonju.go.kr/planweb/board/view.9is?dataUid=a7ff7171e62e4b18baf72587eb36d47f&contentUid=ff8080818990c349018b041a879f395a&boardUid=9be517a7914528ce01930aa3ddc26cf0 https://www.jeonju.go.kr/planweb/board/view.9is?dataUid=8ed018ab021e42208d38bf5817fe9c1b&contentUid=ff8080818990c349018b041a879f395a&boardUid=9be517a7914528ce01930aa3ddc26cf0 https://www.jeonju.go.kr/planweb/board/view.9is?dataUid=9be517a89b212afa019b71ba5805398e&contentUid=ff8080818990c349018b041a87fe3960&boardUid=ff8080818b5bc5cf018ba8ca7216641f,2026-10-01
창원시,경남신용보증재단,창원지점,"창원지점 | 의창구 원이대로 362, 창원컨벤션센터 1층 | 1644-2900 | 성산ㆍ의창구",https://www.changwon.go.kr/cwportal/10310/10438/10439.web?amode=view&not_ancmt_mgt_no=211423&section=gosi,2026-10-01
창원시,경남신용보증재단,진해지점,"진해지점 | 진해구 충장로 124, 경남은행 진해지점 1층 | 진해구",https://www.changwon.go.kr/cwportal/10310/10438/10439.web?amode=view&not_ancmt_mgt_no=211423&section=gosi,2026-10-01
창원시,경남신용보증재단,마산지점,"마산지점 | 마산합포구 북성로 5, 농협은행 마산지점 2층 | 합포ㆍ회원구",https://www.changwon.go.kr/cwportal/10310/10438/10439.web?amode=view&not_ancmt_mgt_no=211423&section=gosi,2026-10-01
김해시,경남신용보증재단,김해지점,"□ 신용보증기관 : 경남신용보증재단 김해지점(☎ 338-2390, Fax 338-2396)",https://www.gimhae.go.kr/03360/00023/00029.web?amode=view&not_ancmt_mgt_no=109947&section=01,2026-10-01
포항시,경북신용보증재단,포항지점,5. 신 청 처 : 경북신용보증재단 포항지점,https://www.pohang.go.kr/portal/saeol/gosi/view.do?notAncmtMgtNo=70373&mid=0202010000,2026-10-01
