도시,자금명,구분,한도,금리 또는 이자지원율,접수기간,공고 URL,확인일
의정부시,없음,,,,,https://www.ui4u.go.kr/portal/saeol/gosiList.do?seCode=01&mId=0301040000,2026-10-01
광명시,2026년 광명시 중소기업 육성자금(제조업·지식산업·정보통신산업) 지원사업,육성자금,업체당 최대 3억원 이내(전년도 매출액 1/3 범위 내); 융자규모 75억,대출금리 중 2%에 대한 이자차액 보전,사업 공고일 ∼ 연중 수시(자금 소진 시까지),https://www.gm.go.kr/pt/user/nftcBbs/BD_selectNftcBbsDetail.do?q_nftcBbsCode=1001&q_nftcBbsMgtno=64586,2026-10-01
광명시,2026년 광명시 『소규모 유통업』 중소기업 육성자금 지원사업,육성자금,점포당 5천만원 이내; 융자규모 5억,대출금리 중 2%에 대한 이자차액 보전,사업 공고일 ∼ 연중 수시(자금 소진 시까지),https://www.gm.go.kr/pt/user/nftcBbs/BD_selectNftcBbsDetail.do?q_nftcBbsCode=1001&q_nftcBbsMgtno=64587,2026-10-01
광명시,2026년 광명시 중소기업 특례보증 지원사업,특례보증,업체당 3억원 이내(보증기간 3∼4년),공고에 금리 기재 없음,사업 공고일 ∼ 연중 수시(자금 소진 시까지),https://www.gm.go.kr/pt/user/nftcBbs/BD_selectNftcBbsDetail.do?q_nftcBbsCode=1001&q_nftcBbsMgtno=64594,2026-10-01
광명시,광명시 소상공인 특례보증 이자차액 보전 지원(2026),이자지원,업체당 5천만원 이내(보증한도; 보증기간 5년),"보증한도 범위내에서 연 2%, 2년간 이자차액 지원",2026. 1. ~ 자금 소진 시까지,https://www.gm.go.kr/pt/user/nftcBbs/BD_selectNftcBbsDetail.do?q_nftcBbsCode=1001&q_nftcBbsMgtno=64932,2026-10-01
광주시,2026년 광주시 소상공인 특례보증,특례보증,업체당 5천만원 이내(보증규모 140억원; 보증기간 5년 이내),공고에 금리 기재 없음(※ 2026년 신규 보증이용자 이자차액 지원 없음),공고일 ~ 2026. 12.(자금 소진 시까지),https://www.gjcity.go.kr/portal/saeol/gosi/view.do?mId=0202010000&notAncmtMgtNo=75337,2026-10-01
광주시,2026년 광주시 소상공인 특례보증 수수료 지원,기타,특례보증 수수료 1회 지원(업체당 최대 50만원); 지원규모 1억원,해당 없음(보증수수료 지원),공고일 ~ 2026. 12.(자금 소진 시까지),https://www.gjcity.go.kr/portal/saeol/gosi/view.do?mId=0202010000&notAncmtMgtNo=75337,2026-10-01
군포시,2026년 군포시 중소기업 육성자금(운전자금),육성자금,업체당 3억원 이내(기 대출잔액 포함); 융자규모 연 200~300억 원,이자차액 보전 2.0%,매달 접수(접수된 서류는 다음 달 위원회에서 심의),https://www.gunpo.go.kr/www/selectEminwonView.do?key=3907&notAncmtSeCd=01&not_ancmt_mgt_no=43536,2026-10-01
군포시,2026년도 군포시 소상공인 특례보증,특례보증,"5,000만원 이내(융자기간 5년)",대출금리: 자금별 취급 은행에서 결정,자금 소진시까지,https://www.gunpo.go.kr/www/selectEminwonView.do?key=3907&notAncmtSeCd=01&not_ancmt_mgt_no=43659,2026-10-01
군포시,2026년도 군포시 소상공인 특례보증 이차보전,이자지원,"특례보증 대출금액(보증한도 5,000만원 이내)",대출금액의 연이자 2% 지원(지원기간 5년),자금 소진시까지(특례보증 신청 시 동시 신청),https://www.gunpo.go.kr/www/selectEminwonView.do?key=3907&notAncmtSeCd=01&not_ancmt_mgt_no=43659,2026-10-01
하남시,2026년 하남시 중소기업 특례보증 및 보증료 지원,특례보증,"업체당 최대 3억원 이내; 지원규모 특례보증 2,400백만원",공고에 금리 기재 없음(보증료 1% 이내 지원),연중(보증 가능 금액 소진 시까지),"https://www.hanam.go.kr/www/selectGosiData.do?key=171&not_ancmt_mgt_no=50348&not_ancmt_se_code=01,04",2026-10-01
하남시,2026년 하남시 소상공인 특례보증 및 보증료 지원,특례보증,"업체당 최대 5천만원 이내; 지원규모 특례보증 10,000백만원",공고에 금리 기재 없음(보증료 1% 지원),"연중(보증 가능 금액 소진 시까지, 분기별 한도 관리)","https://www.hanam.go.kr/www/selectGosiData.do?key=171&not_ancmt_mgt_no=50349&not_ancmt_se_code=01,04",2026-10-01
하남시,2026년 하남시 중소기업 특례보증 지원 확대(5월 확대 공고),특례보증,"업체당 최대 3억원 이내; 지원규모 약 6,700백만원(당초 5,100백만원 + 증액 1,600백만원)",공고에 금리 기재 없음(보증료 1% 이내 지원),연중(보증 가능 금액 소진 시까지),"https://www.hanam.go.kr/www/selectGosiData.do?key=171&not_ancmt_mgt_no=51520&not_ancmt_se_code=01,04",2026-10-01
하남시,2026년 하남시 소상공인 특례보증 지원 확대(5월 확대 공고),특례보증,"업체당 최대 5천만원 이내; 지원규모 15,000백만원(당초 10,000백만원 + 증액 5,000백만원)",공고에 금리 기재 없음(보증료 1% 지원),"연중(보증 가능 금액 소진 시까지, 분기별 한도 관리)","https://www.hanam.go.kr/www/selectGosiData.do?key=171&not_ancmt_mgt_no=51521&not_ancmt_se_code=01,04",2026-10-01
오산시,2026년 오산시 (중소기업) 특례보증,특례보증,업체당 3억원 이내(지원가능 금액: 출연금의 10배수),대출금리: 취급은행 결정에 따름,공고일 ~ 자금소진시까지(지원기간 2026. 1. ~ 12.),https://www.osan.go.kr/portal/saeol/gosi/view.do?mId=0302010000&notAncmtMgtNo=50600,2026-10-01
오산시,2026년 오산시 소상공인 특례보증,특례보증,소상공인 5천만원; 지원규모 60억원 이내,대출금리: 취급은행 결정에 따름; 해당 은행에서 오산시 주민등록자 대출 시 2%p 금리 추가 지원,공고일 ~ 자금소진시까지(지원기간 2026. 1. ~ 12.),https://www.osan.go.kr/portal/saeol/gosi/view.do?mId=0302010000&notAncmtMgtNo=50603,2026-10-01
이천시,2026년 이천시 중소기업 특별경영자금,이자지원,업체당 최고 5억원 이내(운전자금 3억원 이내; 시설자금 5억원 이내),대출금리의 2% 지원,2026. 1. ~ 자금 소진 시까지,https://www.icheon.go.kr/portal/saeol/gosi/view.do?mid=0402020000&notAncmtMgtNo=67493,2026-10-01
이천시,2026년 이천시 중소기업 특별경영자금(변경 공고),이자지원,업체당 최고 5억원 이내(운전자금 3억원 이내; 시설자금 5억원 이내),대출금리의 2.3% 지원(신규 대출),2026. 6. 1. ~ 자금 소진 시까지,https://www.icheon.go.kr/portal/saeol/gosi/view.do?mid=0402020000&notAncmtMgtNo=69382,2026-10-01
이천시,2026년 이천시 중소기업 동행지원,이자지원,업체당 3억원 내,대출금리의 2% 지원; 보증료 연 1.2% 이내 지원,2026. 1. 28. ~ 자금 소진 시까지,https://www.icheon.go.kr/portal/saeol/gosi/view.do?mid=0402020000&notAncmtMgtNo=67494,2026-10-01
이천시,2026년 이천시 중소기업 동행지원(변경 공고),이자지원,업체당 3억원 내,대출금리의 2.3% 지원(신규 대출); 보증료 연 1.2% 이내 지원,2026. 6. 1. ~ 자금 소진 시까지,https://www.icheon.go.kr/portal/saeol/gosi/view.do?mid=0402020000&notAncmtMgtNo=69383,2026-10-01
안성시,2026년 안성시 중소기업 육성자금(운전자금),육성자금,업체당 2억원 이내(융자기간 3년),"이차보전 1년차 3%; 2~3년차 일반 1.5%, 우대 1.75%",2026. 1. 15.(목) ~ 자금 소진 시까지,https://www.anseong.go.kr/portal/saeol/gosiView.do?mId=0501040000&notAncmtMgtNo=70423,2026-10-01
안성시,2026년 안성시 중소기업 특례보증,특례보증,업체당 3억원 이내(보증기간 3년),공고에 대출금리 기재 없음(이차보전은 별도 행),2026. 1. 15.(목) ~ 자금 소진 시까지,https://www.anseong.go.kr/portal/saeol/gosiView.do?mId=0501040000&notAncmtMgtNo=70424,2026-10-01
안성시,2026년 안성시 중소기업 이차보전(특례보증 연계),이자지원,특례보증 대출(업체당 3억원 이내),"대출금리의 1년차 3%, 2년차 1.5% 지원(지원기간 2년)",2026. 1. 15.(목) ~ 자금 소진 시까지,https://www.anseong.go.kr/portal/saeol/gosiView.do?mId=0501040000&notAncmtMgtNo=70424,2026-10-01
안성시,2026년 안성시 소상공인 특례보증,특례보증,업체당 최대 5천만원 이내,공고에 대출금리 기재 없음(이차보전은 별도 행),공고일 ~ 자금소진시까지,https://www.anseong.go.kr/portal/saeol/gosiView.do?mId=0501040000&notAncmtMgtNo=70627,2026-10-01
안성시,2026년 안성시 소상공인 이차보전,이자지원,특례보증 대출(업체당 최대 5천만원 이내),"1년차 최대 3%, 2년차 최대 1.5% 이자 지원",공고일 ~ 자금소진시까지,https://www.anseong.go.kr/portal/saeol/gosiView.do?mId=0501040000&notAncmtMgtNo=70627,2026-10-01
의왕시,2026년 의왕시 중소기업 육성자금(운전·기술개발·시설자금),육성자금,자금별 5억원(운전·기술개발·시설자금 합산 최대 10억원 이내),"융자금에 대한 이자차액 보전(1.0∼3.0%): 최초 신청 2.0%/연, 기존 수혜 1.0%/연, 우대 1.0%/연",2026. 1. 2.(금)∼자금 소진 시까지,"https://eminwon.uiwang.go.kr/emwp/gov/mogaha/ntis/web/ofr/action/OfrAction.do?jndinm=OfrNotAncmtEJB&context=NTIS&method=selectOfrNotAncmt&methodnm=selectOfrNotAncmtRegst&not_ancmt_mgt_no=38881&homepage_pbs_yn=Y&subCheck=Y&ofr_pageSize=10&not_ancmt_se_code=01,02,03,04,05,06",2026-10-01
의왕시,2026년 의왕시 소상공인 특례보증 대출,특례보증,업체당 5천만 원 이내(융자기간 5년: 1년 거치 4년 균등 상환),대출금리: 시중금리 적용(개인 신용도에 따라 달라질 수 있음),2026. 1. 2.(월) ~ 자금소진 시,"https://eminwon.uiwang.go.kr/emwp/gov/mogaha/ntis/web/ofr/action/OfrAction.do?jndinm=OfrNotAncmtEJB&context=NTIS&method=selectOfrNotAncmt&methodnm=selectOfrNotAncmtRegst&not_ancmt_mgt_no=38883&homepage_pbs_yn=Y&subCheck=Y&ofr_pageSize=10&not_ancmt_se_code=01,02,03,04,05,06",2026-10-01
의왕시,2026년 의왕시 소상공인 이차보전금,이자지원,업체당 5천만 원 이내,이자차액보전 비율 연 2%(지원기간 3년 이내),2026. 1. 2.(월) ~ 자금소진 시,"https://eminwon.uiwang.go.kr/emwp/gov/mogaha/ntis/web/ofr/action/OfrAction.do?jndinm=OfrNotAncmtEJB&context=NTIS&method=selectOfrNotAncmt&methodnm=selectOfrNotAncmtRegst&not_ancmt_mgt_no=38883&homepage_pbs_yn=Y&subCheck=Y&ofr_pageSize=10&not_ancmt_se_code=01,02,03,04,05,06",2026-10-01
양주시,2026년 양주시 중소기업 및 소상공인 운전자금 이차보전,이자지원,업체당 최대 2억원 이내(매출액에 따라 상이),"이자 중 1%~2% 보전: 4.1%이상~6.0%미만 1%, 6.0%이상 2%(대출금리 4.0% 초과 시만 지원)",2026. 02. 24. ~ 자금 소진 시까지,"https://eminwon.yangju.go.kr/emwp/gov/mogaha/ntis/web/ofr/action/OfrAction.do?jndinm=OfrNotAncmtEJB&context=NTIS&method=selectOfrNotAncmt&methodnm=selectOfrNotAncmtRegst&not_ancmt_mgt_no=65326&homepage_pbs_yn=Y&subCheck=Y&ofr_pageSize=10&not_ancmt_se_code=01,02,03,04,05,06",2026-10-01
구리시,2026년 구리시 소상공인 이자지원(구리시형),이자지원,업체당 20백만원 이내,약정 이자율 중 연 2%(대출일부터 3년간),2026. 1. 2. ~ 2026. 12. 31.(자금 소진 시까지),"https://eminwon.guri.go.kr/emwp/gov/mogaha/ntis/web/ofr/action/OfrAction.do?jndinm=OfrNotAncmtEJB&context=NTIS&method=selectOfrNotAncmt&methodnm=selectOfrNotAncmtRegst&not_ancmt_mgt_no=46705&homepage_pbs_yn=Y&subCheck=Y&ofr_pageSize=10&not_ancmt_se_code=01,02,03,04,05,06",2026-10-01
구리시,2026년 구리시 소상공인 이자지원(청년지원형),이자지원,업체당 20백만원 이내(1년 거치 4년 상환),약정 이자율 중 연 2%(대출일부터 5년간),2026. 1. 2. ~ 2026. 12. 31.(자금 소진 시까지),"https://eminwon.guri.go.kr/emwp/gov/mogaha/ntis/web/ofr/action/OfrAction.do?jndinm=OfrNotAncmtEJB&context=NTIS&method=selectOfrNotAncmt&methodnm=selectOfrNotAncmtRegst&not_ancmt_mgt_no=46705&homepage_pbs_yn=Y&subCheck=Y&ofr_pageSize=10&not_ancmt_se_code=01,02,03,04,05,06",2026-10-01
구리시,2026년 구리시 저신용·저소득 소상공인 이자지원(미소금융),이자지원,업체당 20백만원 이내,약정 이자율 중 연 2% / 3년간(페이백 방식 이자차액 보전),2026. 1. 2. ~ 2026. 12. 31.(자금 소진 시까지),"https://eminwon.guri.go.kr/emwp/gov/mogaha/ntis/web/ofr/action/OfrAction.do?jndinm=OfrNotAncmtEJB&context=NTIS&method=selectOfrNotAncmt&methodnm=selectOfrNotAncmtRegst&not_ancmt_mgt_no=46706&homepage_pbs_yn=Y&subCheck=Y&ofr_pageSize=10&not_ancmt_se_code=01,02,03,04,05,06",2026-10-01
포천시,"2026년 포천시 중소기업 육성자금 융자지원(이자차액 보전) - 재공고(확대, 120억원)",육성자금,업체당 2억원 이내(상환 3년 이내),"대출액 이자의 1.5%~4.5% 이자지원(신규 3.5%/우대 4.5%, 기존 1.5%/우대 2.5%)",2026. 1. 21.(수) ~ 자금 소진 시까지,https://www.pocheon.go.kr/www/selectEminwonView.do?key=3712&notAncmtMgtNo=66947&notAncmtSeCode=01,2026-10-01
포천시,2026년 포천시 중소기업 특례보증,특례보증,업체 당 최대 3억원(보증기간 3년 이내),대출금리: 자금별 취급 은행에서 결정(개인 신용도에 따라 상이),공고에 명시 없음,https://www.pocheon.go.kr/www/selectEminwonView.do?key=3712&notAncmtMgtNo=64201&notAncmtSeCode=01,2026-10-01
포천시,2026년 포천시 소상공인 특례보증,특례보증,"업체당 5,000만원 이내(보증기간 최대 5년)",공고에 명시 없음,2026. 1. ~ 자금소진시까지,https://www.pocheon.go.kr/www/selectEminwonView.do?key=3712&notAncmtMgtNo=64129&notAncmtSeCode=01,2026-10-01
포천시,2026년 포천시 소상공인 이차(이자차액)보전,이자지원,"최대 5,000만원 대출이자","3.5%~4.5%를 5년 이내 지원(4.5%: 군부대 사격 피해지역, 3.5%: 관내 그 외 지역)",2026. 1. ~ 자금소진시까지,https://www.pocheon.go.kr/www/selectEminwonView.do?key=3712&notAncmtMgtNo=64129&notAncmtSeCode=01,2026-10-01
과천시,2026년 과천시 중소기업 및 소상공인 육성자금 이자차액보전,육성자금,"중소기업 5억원, 소상공인 1억원 이내(1회 5천만원 한도)",이자차액보전 2.5%(우대요건 충족 시 0.5% 가산),사업기간: 공고일로부터 예산소진 시까지 / 신청기간: 매월 1 ~ 15일,https://www.gccity.go.kr/portal/saeol/gosi/view.do?notAncmtMgtNo=31544&mId=0301040000,2026-10-01
가평군,2026년 가평군 소상공인 경영안정자금 - 특례보증 지원,특례보증,"업체당 최대 5천만 원 이내(보증기간 5년: 2년 거치, 3년 원금균등분할상환)",공고에 명시 없음,2026. 2. 9.(월) ~ 자금 소진 시까지,https://www.gp.go.kr/portal/selectGosiData.do?key=2148&not_ancmt_mgt_no=53662&not_ancmt_se_code=01,2026-10-01
가평군,2026년 가평군 소상공인 경영안정자금 - 신용보증료 지원,기타,공고에 명시 없음,특례보증 보증 수수료를 보증 기간 내 전액 지원,2026. 2. 9.(월) ~ 자금 소진 시까지,https://www.gp.go.kr/portal/selectGosiData.do?key=2148&not_ancmt_mgt_no=53662&not_ancmt_se_code=01,2026-10-01
가평군,2026년 가평군 소상공인 경영안정자금 - 이차보전 지원,이자지원,"대출원금 3,000만원 한도",이차보전 3.0% 범위 내(융자금 상환 시까지 최대 3년),2026. 2. 9.(월) ~ 자금 소진 시까지,https://www.gp.go.kr/portal/selectGosiData.do?key=2148&not_ancmt_mgt_no=53662&not_ancmt_se_code=01,2026-10-01
양평군,"양평군 소상공인 특례보증 지원사업(군 추천, 2026-04-07 게시)",특례보증,"최대 5천만원(2년 거치, 3년 원금균등상환)",공고에 명시 없음,공고에 명시 없음,https://www.yp21.go.kr/www/selectBbsNttView.do?key=1435&bbsNo=62&nttNo=305547,2026-10-01
여주시,없음,,,,,https://www.yeoju.go.kr/www/selectEminwonList.do?key=413,2026-10-01
동두천시,없음,,,,,https://www.ddc.go.kr/ddc/selectGosiList.do?key=107&not_ancmt_se_code=01,2026-10-01
연천군,없음,,,,,https://www.yeoncheon.go.kr/www/selectGosiList.do?key=3393&not_ancmt_se_code=01,2026-10-01
서울 송파구,"2026년 송파구 특별신용보증(1차, 소기업·소상공인)",특례보증,업체당 5천만원 이내,보증료 신규지원 연 0.8% / 추가지원 연 1.0%; 대출금리 3개월 변동금리(CD금리·이자지원 가능 여부 등에 따라 변동),2026. 1. 30.~ 보증한도 소진 시까지,https://www.songpa.go.kr/www/selectBbsNttView.do?bbsNo=92&nttNo=19274154&key=2775,2026-10-01
서울 송파구,2026년 2차 송파구 특별신용보증(소기업·소상공인),특례보증,업체당 5천만원 이내,보증료 신규지원 연 0.8% / 추가지원 연 1.0%; 대출금리 3개월 변동금리(CD금리·이자지원 가능 여부 등에 따라 변동),공고일(2026. 8. 3.)~보증한도 소진시,https://www.songpa.go.kr/www/selectBbsNttView.do?bbsNo=92&nttNo=19278310&key=2775,2026-10-01
서울 송파구,2026년 송파구 중소기업 융자지원(협력자금),이자지원,기업당 2억원 이내,최대 연 2.0% 이자지원 (대출금리: 중소기업대출금리),2026. 7. 6.~12. 10.(자금 소진시 조기마감),https://www.songpa.go.kr/www/selectBbsNttView.do?bbsNo=92&nttNo=19277473&key=2775,2026-10-01
서울 강남구,2026년 상반기 중소기업육성기금 융자지원,육성자금,"법인 최대 3억 원, 개인사업자 최대 1억 원",연 1.5% 고정금리,4월 1일부터 자금 소진 시까지,https://www.gangnam.go.kr/board/B_000031/1075066/view.do?mid=ID01_0313,2026-10-01
서울 강남구,2026년 하반기 중소기업육성기금 융자지원,육성자금,"법인사업자 3억원, 개인사업자 1억원 이내",연 1.5%(고정금리),2026. 9. 1.(화) ~ 자금 소진시까지 (접수마감),https://www.gangnam.go.kr/board/B_000001/1076595/view.do?mid=ID05_040101,2026-10-01
서울 강남구,2026년 강남구 중소기업·소상공인 대출이자 지원사업,이자지원,업체당 3억원 이내,"최대 2.5% (부동산 전액 담보 시 연 2.0%, 신용보증서 담보 시 연 2.5%)",자금 소진 시까지,https://www.gangnam.go.kr/board/B_000001/1076295/view.do?mid=ID05_040101,2026-10-01
서울 강남구,강남구 특별 신용보증(신용보증지원),특례보증,업체당 3억원 이내,미기재,미기재,https://www.gangnam.go.kr/contents/SME_LoanSupport/1/view.do?mid=ID02_01080901,2026-10-01
부산 해운대구,해운대구 소상공인 대출 특례보증 이차보전 사업,특례보증,1인 대출한도 최대 5천만원,최초 1년간 3% 이자 지원(본인부담 연 2% 수준),2026. 7. 1. ~ 예산 소진 시,https://www.haeundae.go.kr/culture/board/view.do?boardId=BBS_0000038&menuCd=DOM_000000104001001000&dataSid=3169507,2026-10-01
대구 달서구,2026년 소상공인 경영안정자금 지원사업(특례보증·이차보전),특례보증,업체당 최대 3천만원 이내,"대출 후 1년 간 대출이자(3%) 지원; 대출금리 일시상환(1년) 금융채연동기준금리(12개월)+1.5% 고정가산금리 이내, 분할상환(5년) +1.7% 고정가산금리 이내",2026. 3. 3. ~ 자금 소진 시까지,"https://eminwon.dalseo.daegu.kr/emwp/gov/mogaha/ntis/web/ofr/action/OfrAction.do?jndinm=OfrNotAncmtEJB&context=NTIS&method=selectOfrNotAncmt&methodnm=selectOfrNotAncmtRegst&not_ancmt_mgt_no=54290&homepage_pbs_yn=Y&subCheck=Y&not_ancmt_se_code=01,02,03,04,05",2026-10-01
인천 남동구,2026년도 남동구 중소기업육성자금 지원(금융기관 융자에 대한 이자차액 보전),이자지원,"중기업(제조업), 소기업 3억원 / 소상공인 5천만원",이자차액보전 연1.7% (우대지원 2%),2026년 2월 2일 09:00 ~ 자금 소진 시까지,https://www.namdong.go.kr/bizNotice/bizNoticeDetail.do?notice_idx=448&pgno=1,2026-10-01
인천 남동구,2026년도 소기업․소공인 특례보증 지원,특례보증,업체당 소기업(제조업) 3천만원 이내 ․ 소공인 2천만원 이내,보증료 연 0.8%(일시납) (대출금리: 은행별 시중금리),2026. 2. 9. ~ 자금소진 시까지,https://www.namdong.go.kr/bizNotice/bizNoticeDetail.do?notice_idx=449&pgno=1,2026-10-01
인천 부평구,2026년도 중소기업 운전자금(이차보전금) 융자 - 중소기업,이자지원,4억원 이내,이자차액보전 1.5~2.5%,2026. 1. 12.(월) ~ 자금 소진 시 까지,https://www.icbp.go.kr/bbs/bbsMsgDetail.do?msg_seq=37097&bcd=notice,2026-10-01
인천 부평구,2026년도 소상공인 운전자금(이차보전금) - 특례보증 18억원,특례보증,3천만원 이내,이자차액보전 3.0%,2026. 1. 12.(월) ~ 자금 소진 시 까지,https://www.icbp.go.kr/bbs/bbsMsgDetail.do?msg_seq=37097&bcd=notice,2026-10-01
인천 부평구,2026년도 소상공인 운전자금(이차보전금) - 일반(부동산)보증 8억원,이자지원,3천만원 이내,이자차액보전 3.0%,2026. 1. 12.(월) ~ 자금 소진 시 까지,https://www.icbp.go.kr/bbs/bbsMsgDetail.do?msg_seq=37097&bcd=notice,2026-10-01
광주 북구,광주광역시 북구 특례보증 (2026년 광주 북구 특례보증 대출),특례보증,최대 2천만원 (2020년 이후 재창업자는 3천만원),대출금리 5.3% 이내; 1년간 대출이자(5.3% 이내) 및 보증료 전액지원(사후입금),2026. 3. 3.부터 한도 소진 시까지,https://bukgu.gwangju.kr/board.es?mid=a10201010000&bid=0114&act=view&list_no=14794,2026-10-01
광주 북구,저신용 소상공인 포용금융 이차보전 지원,이자지원,,광주은행 취급 서민금융형 상품(대출)의 대출이자 차액 5% 지원(1년간),2026. 3. 3. ~ 예산 소진 시,https://bukgu.gwangju.kr/menu.es?mid=b60701050000,2026-10-01
대전 서구,2026년 대전 서구 소상공인 경영안정자금 지원사업 (특례보증·이자지원),특례보증,업체당 최대 3천만원 이내(보증심사를 거쳐 보증금액 확정),"이자지원: 연 3%, 2년간 지원 / 신용보증 수수료 지원: 연 1.1%, 2년분 일괄지원 / 대출금리: 협약금리(CD 3개월물 + 1.8% 또는 + 2.0%)",2026. 1. 5.(월) ~ 보증한도 소진 시까지,https://www.seogu.go.kr/prog/saeolGosi/GOSI/kor/sub04_02_01/view.do?notAncmtMgtNo=49130,2026-10-01
춘천시,춘천시 중소기업육성자금(일반),육성자금,운전·시설자금 5억원(시설자금: 소요자금의 75%),"이차보전 2.0~3.0%(우대 0.5%: 여성·가족친화·관내15년 이상 제조업, 1.0%: 장애인기업)",2026. 1. 12. ~ 자금 소진 시,https://www.chuncheon.go.kr/cityhall/administrative-info/notice-info/notice-announcement/view/?notAncmtMgtNo=76171,2026-10-01
춘천시,춘천시 중소기업육성자금(창업지원),육성자금,"운전·시설자금 10억원(운전자금: 2억원, 시설자금: 소요자금의 75%)","이차보전 2.0~3.0%(우대 0.5%: 여성·가족친화, 1.0%: 장애인기업)",2026. 1. 12. ~ 자금 소진 시,https://www.chuncheon.go.kr/cityhall/administrative-info/notice-info/notice-announcement/view/?notAncmtMgtNo=76171,2026-10-01
춘천시,춘천시 중소기업육성자금(소상공인),육성자금,5천만원,이차보전 2.5%,2026. 1. 12. ~ 자금 소진 시,https://www.chuncheon.go.kr/cityhall/administrative-info/notice-info/notice-announcement/view/?notAncmtMgtNo=76171,2026-10-01
춘천시,‘땡겨요’ 이차보전(소상공인),이자지원,공고 표에 별도 수치 미기재(셀 병합),공고 표에 별도 수치 미기재(셀 병합),2026. 1. 12. ~ 자금 소진 시,https://www.chuncheon.go.kr/cityhall/administrative-info/notice-info/notice-announcement/view/?notAncmtMgtNo=76171,2026-10-01
춘천시,2026년 춘천시 중소기업 특례보증,특례보증,"보증한도 중소기업 1억원, 소상공인 5천만원(지원규모 75억 원)",공고에 금리 미기재(보증기간 최대 4년 이내),2026. 1. 12. ~ 자금 소진 시까지,https://www.chuncheon.go.kr/cityhall/administrative-info/notice-info/notice-announcement/view/?notAncmtMgtNo=72991,2026-10-01
춘천시,2026년 춘천시 저신용 소상공인 이차보전 지원사업(미소금융),이자지원,"미소금융 대출종류별 한도(예: 임차보증금 7천만원, 창업초기 운영자금 1천만원)","이차보전율 연 3%, 2년 이내(1회 연장, 최대 4년)",2026년 1월 ~ 자금 소진 시까지,https://www.chuncheon.go.kr/cityhall/administrative-info/notice-info/notice-announcement/view/?notAncmtMgtNo=72769,2026-10-01
원주시,2026년 상반기 원주시 중소기업육성자금(이차보전),육성자금,"운전자금 3억원, 시설자금 제조업 8억원·그 외 업종 2억원, 중복 신청 시 5억원","이차보전 일반기업 3.0%(우대 0.5%), 장애인고용우수기업 3.5%",2026. 1. 29.(목) 09:00 ~ 자금 소진 시,https://www.wonju.go.kr/www/selectBbsNttView.do?bbsNo=140&key=216&nttNo=480604,2026-10-01
원주시,2026년 하반기 원주시 중소기업육성자금(이차보전),육성자금,"운전자금 3억원, 시설자금 제조업 8억원·그 외 업종 2억원, 중복 신청 시 5억원","이차보전 일반기업 3.0%(우대 0.5%), 장애인고용우수기업 3.5%",2026. 8. 24.(월) 09:00 ~ 자금 소진 시(마감 공고됨),https://www.wonju.go.kr/www/selectBbsNttView.do?bbsNo=140&key=216&nttNo=489302,2026-10-01
원주시,원주시 중소기업 특례보증 지원,특례보증,"보증한도 중소기업 1억원, 소상공인(법인사업자) 5천만원(지원규모 4억 원)",공고에 금리 미기재(보증기간 최대 5년 이내),2026. 8. 24.(월) ~ 자금 소진 시,https://www.wonju.go.kr/www/selectBbsNttView.do?bbsNo=140&key=216&nttNo=489302,2026-10-01
원주시,2026년 원주시 소상공인 경영안정자금(소상공인 이차보전 지원사업),이자지원,업체당 5천만 원 이하(융자기간 최대 3년),최대 연 3.0% 이차보전,2026. 2. 2.(월) ~ 자금 소진 시까지,https://www.wonju.go.kr/www/selectBbsNttView.do?bbsNo=140&key=216&nttNo=482226,2026-10-01
원주시,원주시 소상공인 협약보증 지원사업,특례보증,업체당 협약보증 대출한도 5천만원 이내(3천만 원까지 보증한도사정 생략),공고에 금리 미기재(보증수수료 0.8% 고정),2026. 2. 2.(월) ~ 협약보증 소진 시까지,https://www.wonju.go.kr/www/selectBbsNttView.do?bbsNo=140&key=216&nttNo=482226,2026-10-01
원주시,2026년 상반기 원주시 중소기업 신용보증수수료 지원사업,기타,"기업당 최대 3백만원(지원규모 40,000천 원)",해당 없음(보증서 발급수수료 지원),2026. 3. 17.(화) 09:00 ~ 상반기 예산소진 시까지,https://www.wonju.go.kr/www/selectBbsNttView.do?bbsNo=140&key=216&nttNo=479109,2026-10-01
원주시,2026년 하반기 원주시 중소기업 신용보증수수료 지원사업,기타,"기업당 최대 3백만원(지원규모 40,000천 원)",해당 없음(보증서 발급수수료 지원),2026. 9. 14.(월) 09:00 ~ 하반기 예산소진 시까지(마감 공고됨),https://www.wonju.go.kr/www/selectBbsNttView.do?bbsNo=140&key=216&nttNo=491049,2026-10-01
충주시,2026년 충주시 중소기업육성기금 경영안정자금,육성자금,"제조업 30천만원(3억), 건설·운수업 10천만원, 도·소매업 5천만원(제조업 우대 최대 5억)","이차보전 일반 2.0% ~ 최대 4.0%(IBK기업은행 협약대출 금리 최대 1.0%p 인하, 연 최대 5% 이자 지원)",매월 10~20일 신청접수(지원규모 달성 또는 자금 소진 시 조기마감),https://www.chungju.go.kr/www/selectEminwonView.do?key=510&ancmt_mgt_no=72039,2026-10-01
충주시,2026년 충주시 중소기업육성기금 수안보 관광특구 시설현대화 자금,육성자금,숙박업 30천만원(3억),이차보전 일반 2.0%,매월 10~20일 신청접수(지원규모 달성 또는 자금 소진 시 조기마감),https://www.chungju.go.kr/www/selectEminwonView.do?key=510&ancmt_mgt_no=72039,2026-10-01
충주시,2026년 충주시 소상공인 이자비용 지원사업(이차보전) 1차,이자지원,1인 5천만원 이내(청년창업 7천만원 이내),"연 3% 이자, 3년 이내 지원",2026. 3. 4.(수) ~ 한도 소진시까지,https://www.chungju.go.kr/www/selectEminwonView.do?key=510&ancmt_mgt_no=69216,2026-10-01
충주시,2026년 2차 충주시 소상공인 이자비용 지원사업(이차보전),이자지원,1인 5천만원 이내(청년창업 7천만원 이내),"연 3% 이자, 3년 이내 지원",2026. 9. 28.(월) ~ 한도 소진시까지,https://www.chungju.go.kr/www/selectEminwonView.do?key=510&ancmt_mgt_no=72882,2026-10-01
아산시,없음,,,,,"고시공고 https://www.asan.go.kr/main/cms/?no=257 · 지난 고시공고 https://www.asan.go.kr/main/cms/?no=482 · 공지사항 https://www.asan.go.kr/main/cms/?no=131 · 소상공인 공지 https://www.asan.go.kr/main/cms/?no=576 (검색어: 특례보증·이차보전·이자·육성자금·경영안정·기금·소상공인·중소기업·보증·자금, 2026년)",2026-10-01
익산시,2026년 익산시 중소기업 육성자금 융자(이차보전),육성자금,업체당 최대 2억원(지원규모 100억원),"이차보전 3.0% ~ 4.5%(일반기업 3.0%, 우대기업 신규 최대 4.5%)",2026. 1. 15. ~ 자금 소진 시까지,"https://eminwon.iksan.go.kr/emwp/gov/mogaha/ntis/web/ofr/action/OfrAction.do?jndinm=OfrNotAncmtEJB&context=NTIS&method=selectOfrNotAncmt&methodnm=selectOfrNotAncmtRegst&homepage_pbs_yn=Y&subCheck=Y&not_ancmt_se_code=01,02,03,04,05&not_ancmt_mgt_no=73305",2026-10-01
익산시,2026년 익산시 희망더드림 특례보증 지원사업,특례보증,업체당 최대 5천만원 이내 특례보증(특례보증 175억원),"연 1% 초과 대출금리에 대해 이차보전 튼튼 소상공인 최대 3.0% 이내, 탄탄 소상공인 최대 4.0% 이내(최대 3년간)",2026. 3. 9. ～ 12월(자금소진 시까지),"https://eminwon.iksan.go.kr/emwp/gov/mogaha/ntis/web/ofr/action/OfrAction.do?jndinm=OfrNotAncmtEJB&context=NTIS&method=selectOfrNotAncmt&methodnm=selectOfrNotAncmtRegst&homepage_pbs_yn=Y&subCheck=Y&not_ancmt_se_code=01,02,03,04,05&not_ancmt_mgt_no=73985",2026-10-01
군산시,2026년도 3·4분기 군산시 중소기업육성기금,육성자금,"최대 3억원(일반·여성·청년·향토·일자리창출우수·유망강소기업), 자연재해피해 중소기업 최대 5억원, 자연재해피해 소상공인 최대 1억원","이차보전 3% ~ 6%(일반 3%, 여성·청년·향토 3.5%, 일자리창출우수·유망강소 4%, 자연재해피해 6%)",2026. 9월 ∼ 자금소진 시까지(매월 평일 1일 ~ 10일 신청),"https://eminwon.gunsan.go.kr/emwp/gov/mogaha/ntis/web/ofr/action/OfrAction.do?jndinm=OfrNotAncmtEJB&context=NTIS&method=selectOfrNotAncmt&methodnm=selectOfrNotAncmtRegst&homepage_pbs_yn=Y&subCheck=Y&not_ancmt_se_code=01,02,03,04,05&not_ancmt_mgt_no=73426",2026-10-01
군산시,2026년 군산시 소상공인 특례보증 지원사업,특례보증,업체당 대출한도 5천만원 이내,이차보전: 1.7% 자부담 초과 이자에 대해 5%까지 3년간 지원,2026년 2월19일 ~ 예산 소진시까지,https://www.gunsan.go.kr/main/m2729/view/9246923,2026-10-01
목포시,2026년 목포시 소상공인 융자금 이차보전 지원사업,이자지원,"융자추천 한도 업체당 3,000만원 이내",이차보전: 약정 이자율 중 연 3% 이내 지원(대출일로부터 2년),2026. 1. 14. ~ 이차보전금 소진 시까지,"https://eminwon.mokpo.go.kr/emwp/gov/mogaha/ntis/web/ofr/action/OfrAction.do?jndinm=OfrNotAncmtEJB&context=NTIS&method=selectOfrNotAncmt&methodnm=selectOfrNotAncmtRegst&homepage_pbs_yn=Y&subCheck=Y&not_ancmt_se_code=01,02,03,04,05&not_ancmt_mgt_no=54011",2026-10-01
목포시,2026년 목포시 중소기업발전기금 이차보전 지원사업,육성자금,"업체당 3억원, 3년 이내(연 매출액 3억원 이하일 경우 매출액 범위 내; 융자추천 규모 70억원 이내)",대출이자 3%p를 2년간 지원,2026. 2. 9.(월)~자금 소진 시까지,"https://eminwon.mokpo.go.kr/emwp/gov/mogaha/ntis/web/ofr/action/OfrAction.do?jndinm=OfrNotAncmtEJB&context=NTIS&method=selectOfrNotAncmt&methodnm=selectOfrNotAncmtRegst&homepage_pbs_yn=Y&subCheck=Y&not_ancmt_se_code=01,02,03,04,05&not_ancmt_mgt_no=53421",2026-10-01
여수시,2026년도 여수시 소상공인 융자금 이차보전 지원(변경 공고 제2026-2097호),이자지원,"업체당 5,000만 원 이내(융자추천 한도)",이차보전 연 4% 지원(2년간),"연중(매 분기 접수일부터 자금 소진 시까지) - 1분기: 3월4일(수) 마감, 2분기: 5월6일(수) 마감, 3분기: 8월4일(화)~, 4분기: 11월3일(화)~",https://www.yeosu.go.kr/www/govt/news/notify/new_notifys/new_notify?idx=79153&mode=view,2026-10-01
여수시,2026년도 여수시 중소기업발전자금(공고 제2025-3871호),육성자금,업체당 2억 원 이내(매출액의 50%범위 내),이차보전 연 3.0% 지원(2년간); 여수시-IBK기업은행 동행협약: 연 3.0%(2년간) + 보증료 1.2% 지원,"연중(수시분기별 접수) 1분기(1. 1. ~), 2분기(4. 1. ~), 3분기(7. 1. ~), 4분기(10. 1. ~)",https://www.yeosu.go.kr/www/govt/news/notify/new_notifys/new_notify?idx=76166&mode=view,2026-10-01
순천시,2026년도 순천시 소상공인 금융지원(이차보전)(공고 제2026-233호),이자지원,"업체당 3,000만원 이내","이자지원율: 약정 이자율 중 연 5.0% 이내 지원(2년간); 대출금리 전액보증(100%) CD(91일몰)+1.7% 이내, 부분보증(100% 미만) CD(91일몰)+2.0% 이내","분기별 접수: 1분기(2. 2.~2. 3.), 2분기(5. 1.예정), 3분기(7. 1.예정), 4분기(10. 1.예정) ※무작위 추첨",https://www.suncheon.go.kr/kr/news/0004/0005/0001/?mode=view&seq=60565,2026-10-01
순천시,2026년 순천시 중소기업 이자지원 사업(변경공고 제2026-1517호),이자지원,기업당 최대 5억원 이내(신용보증기관 보증증권 발급시 7억원),"이자지원 일반 4.0%, 우대 4.5%(지원기간 2년)",2026. 2. 6. ~ 이자지원금 소진시까지,https://www.suncheon.go.kr/kr/news/0004/0005/0001/?mode=view&seq=62346,2026-10-01
구미시,없음,,,,,https://www.gumi.go.kr/portal/saeol/gosi/list.do?seCode=01&mid=0401040000 (제목검색: 소상공인·특례보증·이차보전·육성자금·이자·경영안정·융자·보증·운전자금·중소기업·새희망),2026-10-01
경산시,2026년 경산시 소상공인 특례보증·이차보전 지원사업(공고 제2026-298호),특례보증,특례보증 1인당 50백만원 이내,이차보전: 대출이자의 3%를 2년간 지원,2026. 2. 5.(목) ~ 자금 소진 시까지,https://www.gbgs.go.kr/open_content/ko/page.do?step=258&parm_bod_uid=250988&mnu_uid=2160,2026-10-01
진주시,2026년 하반기 진주시 소상공인 육성자금(창업자금·경영안정자금)(공고 제2026-1538호),육성자금,"50,000천 원 이내(창업자금·경영안정자금 각)",이차보전 2년 간 연 3% 이내; 신용보증수수료 1년 분 지원,2026. 7. 1.(수) 9:00 ~ 자금소진 시까지,https://www.jinju.go.kr/00130/02730/05586.web?amode=view&not_ancmt_mgt_no=64420,2026-10-01
진주시,2026년 하반기 진주시 중소기업육성기금(공고 제2026-1624호),육성자금,(업체별) 2억 원 ~ 9억 원 / (재해피해업체) 기존한도의 1.5배 이내(최대 11억 원),"이차보전율 일반자금 2.5%, 우대자금 3.5%, 재해피해업체 3.5%",2026. 7. 1. ~ 자금 소진 시까지(선착순 지원),https://www.jinju.go.kr/00130/02730/05586.web?amode=view&not_ancmt_mgt_no=64550,2026-10-01
진주시,2026년 창업기업 신용보증수수료 지원사업(공고 제2026-463호),기타,업체당 최대 2백만원,2026년 납부한 보증수수료의 50%,2026. 2. 25.(수) ~ 사업비 소진 시 까지,https://www.jinju.go.kr/00130/02730/05586.web?amode=view&not_ancmt_mgt_no=62906,2026-10-01
양산시,2026년 4분기 양산시 소상공인 육성자금 일반자금(창업 및 경영안정자금)(공고 제2026-2635호),육성자금,"경영안정자금 7천만원, 창업자금 5천만원",최대 4년간 연 2.5% 이자차액 보전; 신용보증수수료 최초 1년분 전액(보증대출 시),‘26. 10. 6.(화) 09:00 ~ 자금소진 시까지,https://www.yangsan.go.kr/portal/saeol/gosi/view.do?notAncmtMgtNo=79421&mid=0102010000,2026-10-01
양산시,양산시 소상공인 육성자금 청년창업 특별자금(공고 제2026-2635호 내),육성자금,5천만원,최대 4년간 연 3% 이자차액 보전; 신용보증수수료 1년분 전액(2회 분할 지급),‘26. 2. 4.(수) 09:00 ~ 자금소진 시까지,https://www.yangsan.go.kr/portal/saeol/gosi/view.do?notAncmtMgtNo=79421&mid=0102010000,2026-10-01
양산시,2026년 양산시 소상공인 특별보증 지원사업(경영안정 특별자금)(공고 제2026-584호),특례보증,5천만원,최대 4년간 연 2.5% 이자차액 보전; 신용보증서 발급수수료 최초 1년분의 전액,‘26. 3. 5.(목) ~ 자금소진 시까지,https://www.yangsan.go.kr/portal/saeol/gosi/view.do?notAncmtMgtNo=76035&mid=0102010000,2026-10-01
양산시,2026년 4분기 양산시 중소기업육성자금(공고 제2026-2717호),육성자금,"자금별 상이(일반경영안정자금 상시종업원수·매출액 규모별 차등, 특별경영안정자금 업체당 최대 5억원 이내, 시설설비자금 4억원/우대 5억원)",이차보전율: 일반기업 2.0% ~ 3.0% (우대기업 3.0% ~ 4.0%),‘26. 10. 1.(목) ~ 자금 소진 시까지,https://www.yangsan.go.kr/portal/saeol/gosi/view.do?notAncmtMgtNo=79554&mid=0102010000,2026-10-01
제주시,없음,,,,,https://www.jejusi.go.kr/information/intro/notice.do?search_se=ancmntPbancTitle&search_keyword=소상공인 (제목검색: 소상공인·특례보증·이차보전·육성자금·이자·경영안정·융자·자영업·중소기업·보증·금융·대출·자금),2026-10-01
