재단명,지점명,담당 시군구,주소,전화,출처 URL,확인일
서울신용보증재단,강남종합지원센터,,"서울시 강남구 선릉로 577, 6층",1577-6119,https://www.seoulshinbo.co.kr/wbase/contents.do?mng_cd=CSTM5346,2026-09-30
서울신용보증재단,강동종합지원센터,,"서울시 강동구 양재대로 1553, 선진빌딩 6층",1577-6119,https://www.seoulshinbo.co.kr/wbase/contents.do?mng_cd=CSTM5346,2026-09-30
서울신용보증재단,강북종합지원센터,,"서울시 강북구 도봉로 364, 신한은행 강북금융센터 4층",1577-6119,https://www.seoulshinbo.co.kr/wbase/contents.do?mng_cd=CSTM5346,2026-09-30
서울신용보증재단,강서종합지원센터,,"서울시 강서구 공항대로 236, 쿠쿠마곡빌딩 6층",1577-6119,https://www.seoulshinbo.co.kr/wbase/contents.do?mng_cd=CSTM5346,2026-09-30
서울신용보증재단,관악종합지원센터,,"서울시 관악구 남부순환로 1801, 4층",1577-6119,https://www.seoulshinbo.co.kr/wbase/contents.do?mng_cd=CSTM5346,2026-09-30
서울신용보증재단,광진종합지원센터,,"서울시 광진구 아차산로 355, 타워더모스트 광진아크로텔 4층",1577-6119,https://www.seoulshinbo.co.kr/wbase/contents.do?mng_cd=CSTM5346,2026-09-30
서울신용보증재단,구로종합지원센터,,"서울 구로구 경인로 576, GS네오텍 빌딩 1층",1577-6119,https://www.seoulshinbo.co.kr/wbase/contents.do?mng_cd=CSTM5346,2026-09-30
서울신용보증재단,금천종합지원센터,,"서울시 금천구 벚꽃로 234, 에이스하이앤드타워6차 1603호",1577-6119,https://www.seoulshinbo.co.kr/wbase/contents.do?mng_cd=CSTM5346,2026-09-30
서울신용보증재단,노원종합지원센터,,"서울시 노원구 동일로 1405, 11층",1577-6119,https://www.seoulshinbo.co.kr/wbase/contents.do?mng_cd=CSTM5346,2026-09-30
서울신용보증재단,도봉종합지원센터,,"서울시 도봉구 마들로13길 61, 씨드큐브 창동 C동(오피스동) 9층",1577-6119,https://www.seoulshinbo.co.kr/wbase/contents.do?mng_cd=CSTM5346,2026-09-30
서울신용보증재단,동대문종합지원센터,,"서울시 동대문구 왕산로 168, 삼성화재 청량리사옥 14층",1577-6119,https://www.seoulshinbo.co.kr/wbase/contents.do?mng_cd=CSTM5346,2026-09-30
서울신용보증재단,동작종합지원센터,,"서울시 동작구 노량진로 100, CTS 기독교TV 빌딩 4층",1577-6119,https://www.seoulshinbo.co.kr/wbase/contents.do?mng_cd=CSTM5346,2026-09-30
서울신용보증재단,마포종합지원센터,,"서울시 마포구 마포대로 163, 서울신용보증재단 1층",1577-6119,https://www.seoulshinbo.co.kr/wbase/contents.do?mng_cd=CSTM5346,2026-09-30
서울신용보증재단,명동종합지원센터,,"서울시 중구 퇴계로131, 신일빌딩 3층",1577-6119,https://www.seoulshinbo.co.kr/wbase/contents.do?mng_cd=CSTM5346,2026-09-30
서울신용보증재단,서대문종합지원센터,,"서울시 서대문구 신촌로 67, 2층",1577-6119,https://www.seoulshinbo.co.kr/wbase/contents.do?mng_cd=CSTM5346,2026-09-30
서울신용보증재단,서초종합지원센터,,"서울시 서초구 방배로 208, 소암빌딩 4층 402호",1577-6119,https://www.seoulshinbo.co.kr/wbase/contents.do?mng_cd=CSTM5346,2026-09-30
서울신용보증재단,성동종합지원센터,,"서울시 성동구 왕십리로 326, KT&G코스모타워 6층",1577-6119,https://www.seoulshinbo.co.kr/wbase/contents.do?mng_cd=CSTM5346,2026-09-30
서울신용보증재단,성북종합지원센터,,"서울시 성북구 동소문로 63, 4층",1577-6119,https://www.seoulshinbo.co.kr/wbase/contents.do?mng_cd=CSTM5346,2026-09-30
서울신용보증재단,송파종합지원센터,,"서울시 송파구 중대로 97, 효원빌딩 15층",1577-6119,https://www.seoulshinbo.co.kr/wbase/contents.do?mng_cd=CSTM5346,2026-09-30
서울신용보증재단,양천종합지원센터,,"서울시 양천구 목동동로 233, 한국방송회관 14층",1577-6119,https://www.seoulshinbo.co.kr/wbase/contents.do?mng_cd=CSTM5346,2026-09-30
서울신용보증재단,영등포종합지원센터,,"서울시 영등포구 경인로 775, 에이스하이테크씨티 4동 301호",1577-6119,https://www.seoulshinbo.co.kr/wbase/contents.do?mng_cd=CSTM5346,2026-09-30
서울신용보증재단,용산종합지원센터,,"서울시 용산구 한강대로 71길 4, 13층",1577-6119,https://www.seoulshinbo.co.kr/wbase/contents.do?mng_cd=CSTM5346,2026-09-30
서울신용보증재단,은평종합지원센터,,"서울시 은평구 통일로 715, WB빌딩 6층",1577-6119,https://www.seoulshinbo.co.kr/wbase/contents.do?mng_cd=CSTM5346,2026-09-30
서울신용보증재단,종로종합지원센터,,"서울시 종로구 종로 189, 기업은행 동대문종합지원센터 3층",1577-6119,https://www.seoulshinbo.co.kr/wbase/contents.do?mng_cd=CSTM5346,2026-09-30
서울신용보증재단,중랑종합지원센터,,"서울시 중랑구 동일로 757, 국민은행 중화동종합지원센터 4층",1577-6119,https://www.seoulshinbo.co.kr/wbase/contents.do?mng_cd=CSTM5346,2026-09-30
부산신용보증재단,시청지점,"연제구·동래구(사직동, 수안동, 낙민동)","부산광역시 부산진구 진연로 15, 3층",051-860-6637,https://www.busansinbo.or.kr/portal/contents.do?mid=0508010000,2026-09-30
부산신용보증재단,금정지점,"금정구·동래구(사직동, 수안동, 낙민동 제외)",부산광역시 금정구 중앙대로 1817 BN빌딩 5층,051-860-6687,https://www.busansinbo.or.kr/portal/contents.do?mid=0508010000,2026-09-30
부산신용보증재단,동부산지점,해운대구,"부산광역시 해운대구 해운대해변로 120, 3층",051-860-6750,https://www.busansinbo.or.kr/portal/contents.do?mid=0508010000,2026-09-30
부산신용보증재단,남부산지점,남구·수영구,"부산광역시 남구 수영로 323, 태강프라자 8층",051-860-6780,https://www.busansinbo.or.kr/portal/contents.do?mid=0508010000,2026-09-30
부산신용보증재단,북부산지점,북구·사상구,"부산광역시 사상구 새벽로 223, 신한은행 3층",051-860-6700,https://www.busansinbo.or.kr/portal/contents.do?mid=0508010000,2026-09-30
부산신용보증재단,중부산지점,영도구·서구·중구,"부산광역시 중구 구덕로 87-1, 하나은행 충무동지점 5층",051-860-6800,https://www.busansinbo.or.kr/portal/contents.do?mid=0508010000,2026-09-30
부산신용보증재단,서부산지점,사하구,부산광역시 사하구 낙동대로 428 으뜸빌딩 3층,051-860-6730,https://www.busansinbo.or.kr/portal/contents.do?mid=0508010000,2026-09-30
부산신용보증재단,부산진지점,부산진구·동구,부산광역시 동구 범일로 92 부산은행 범일동지점 7층,051-860-6880,https://www.busansinbo.or.kr/portal/contents.do?mid=0508010000,2026-09-30
부산신용보증재단,강서지점,강서구,부산광역시 강서구 명지국제8로 241 금남빌딩 3층,051-860-6740,https://www.busansinbo.or.kr/portal/contents.do?mid=0508010000,2026-09-30
부산신용보증재단,기장지점,기장군,부산광역시 기장군 일광읍 해송1로 36 DS타워 4층,051-860-6770,https://www.busansinbo.or.kr/portal/contents.do?mid=0508010000,2026-09-30
대구신용보증재단,동지점,동구(동구 전 지역),"대구 동구 안심로 401, 2층",053-982-7500,https://www.dgsinbo.or.kr/page/10034/10144.tc,2026-09-30
대구신용보증재단,서지점,서구(서구 전 지역),"대구 서구 서대구로 86, 2층",053-571-2500,https://www.dgsinbo.or.kr/page/10034/10144.tc,2026-09-30
대구신용보증재단,남지점,남구(남구 전 지역)·달서구(송현동)·달성군(가창면),"대구 남구 중앙대로 146, 3층",053-473-2600,https://www.dgsinbo.or.kr/page/10034/10144.tc,2026-09-30
대구신용보증재단,북지점,북구(북구 전 지역)·군위군(군위군 전 지역),"대구 북구 엑스코로 10, 엑스코 서관 1층",053-601-5255,https://www.dgsinbo.or.kr/page/10034/10144.tc,2026-09-30
대구신용보증재단,달서남지점,"달서구(월성동, 진천동, 상인동, 도원동, 본동, 월암동, 대천동, 유천동, 대곡동)·달성군(화원읍, 논공읍, 옥포읍, 현풍읍, 유가읍, 구지면)","대구 달서구 월배로 109, 5층",053-639-4343,https://www.dgsinbo.or.kr/page/10034/10144.tc,2026-09-30
대구신용보증재단,달서북지점,"달서구(성당동, 두류동, 본리동, 감삼동, 장기동, 용산동, 이곡동, 신당동, 장동, 호산동, 파호동, 갈산동, 호림동)·달성군(다사읍, 하빈면)","대구 달서구 달구벌대로 1568, 5층",053-560-6400,https://www.dgsinbo.or.kr/page/10034/10144.tc,2026-09-30
대구신용보증재단,수성지점,수성구(수성구 전 지역),"대구 수성구 달구벌대로 2503, 3층",053-744-6500,https://www.dgsinbo.or.kr/page/10034/10144.tc,2026-09-30
대구신용보증재단,중앙지점,중구(중구 전 지역),"대구 중구 달구벌대로 2108, 3층",053-256-0300,https://www.dgsinbo.or.kr/page/10034/10144.tc,2026-09-30
인천신용보증재단,남동지점,남동구,"(21574) 인천광역시 남동구 인하로507번길1, 4층",032-429-7982,https://www.icsinbo.or.kr/home/content.do?menu_cd=000016,2026-09-30
인천신용보증재단,부평지점,부평구,"(21359) 인천광역시 부평구 부평대로88, 부평대로우체국, 3층",032-508-1954,https://www.icsinbo.or.kr/home/content.do?menu_cd=000016,2026-09-30
인천신용보증재단,서해지점,서해구,"(22883) 인천광역시 서해구 봉오재3로 140, 2층",032-569-0321,https://www.icsinbo.or.kr/home/content.do?menu_cd=000016,2026-09-30
인천신용보증재단,미추홀지점,미추홀구,"(22139) 인천광역시 미추홀구 경인로 341, 2층",032-889-3611,https://www.icsinbo.or.kr/home/content.do?menu_cd=000016,2026-09-30
인천신용보증재단,계양지점,계양구,"(21034) 인천광역시 계양구 장제로 871, 6층",032-542-3911,https://www.icsinbo.or.kr/home/content.do?menu_cd=000016,2026-09-30
인천신용보증재단,제물포지점,제물포구·영종구,"(22558) 인천광역시 제물포구 송림로98, 2층",032-766-8090,https://www.icsinbo.or.kr/home/content.do?menu_cd=000016,2026-09-30
인천신용보증재단,연수지점,연수구·옹진군,"(21927) 인천광역시 연수구 벚꽃로 114, 3층",032-811-9531,https://www.icsinbo.or.kr/home/content.do?menu_cd=000016,2026-09-30
인천신용보증재단,검단지점,강화군·검단구,"(22636) 인천광역시 검단구 완정로 147, 2층",032-569-7919,https://www.icsinbo.or.kr/home/content.do?menu_cd=000016,2026-09-30
인천신용보증재단,영종출장소,영종구,"(22371) 인천광역시 영종구 신도시남로 142번길 6, 1동 202호",032-746-8068,https://www.icsinbo.or.kr/home/content.do?menu_cd=000016,2026-09-30
광주신용보증재단,광산지점,광산구(송정지점 관할구역 제외)·북구의 월출동·오룡동·대촌동,전남광주통합특별시 광산구 하남산단8번로 177 (도천동) 광주경제진흥상생일자리재단 1층,062-950-0080,https://www.gjsinbo.or.kr/index?d=foundation7,2026-09-30
광주신용보증재단,송정지점,본량동·어룡동·우산동·월곡1동·월곡2동·삼도동·평동·도산동·송정1동·송정2동·신흥동·동곡동,전남광주통합특별시 광산구 송정로 15 어룡신협 3층,062-958-1480,https://www.gjsinbo.or.kr/index?d=foundation7,2026-09-30
광주신용보증재단,북구지점,북구(광산지점과 동구지점 관할 북구지역 제외),전남광주통합특별시 북구 설죽로 341,062-958-1460,https://www.gjsinbo.or.kr/index?d=foundation7,2026-09-30
광주신용보증재단,서구지점,서구,전남광주통합특별시 서구 상무대로 1114 새마을금고중앙회 2층,062-958-1420,https://www.gjsinbo.or.kr/index?d=foundation7,2026-09-30
광주신용보증재단,남구지점,남구,전남광주통합특별시 남구 서문대로 686 204호(우리은행 진월동지점 2층),062-958-1440,https://www.gjsinbo.or.kr/index?d=foundation7,2026-09-30
광주신용보증재단,동구지점,동구·북구의 누문동·북동·유동·임동·신안동·중흥동·풍향동,전남광주통합특별시 동구 금남로 190 하나은행 광주금융센터 5층,062-958-1400,https://www.gjsinbo.or.kr/index?d=foundation7,2026-09-30
대전신용보증재단,중구지점,중구,"대전 중구 중앙로 116, 2층(대흥동, 대전신보빌딩)",042-380-3802,https://www.sinbo.or.kr/sub01_06,2026-09-30
대전신용보증재단,서구지점,서구,"대전 서구 대덕대로 235, 3층(둔산동, 하나은행 둔산지점)",042-380-3806,https://www.sinbo.or.kr/sub01_06,2026-09-30
대전신용보증재단,동구지점,동구,"대전 동구 대동 115-2, 7층 (지식산업센터)",042-380-3805,https://www.sinbo.or.kr/sub01_06,2026-09-30
대전신용보증재단,대덕지점,대덕구,"대전 대덕구 한밭대로 1027, 2층(우성사료 건물)",042-380-3804,https://www.sinbo.or.kr/sub01_06,2026-09-30
대전신용보증재단,유성지점,유성구,"대전 유성구 도안대로 591, 4층(봉명동, 명동프라자)",042-380-3807,https://www.sinbo.or.kr/sub01_06,2026-09-30
울산신용보증재단,본점,북구,"울산광역시 북구 산업로 915, 울산경제일자리진흥원 3층",052-289-2300,https://www.ulsanshinbo.co.kr/05_about/?mcode=0405070000,2026-09-30
울산신용보증재단,남울산지점,"남구·남울주군(온양읍, 온산읍, 청량면, 서생면)","울산광역시 남구 중앙로196, 하나은행 울산지점 3층",052-283-0101,https://www.ulsanshinbo.co.kr/05_about/?mcode=0405070000,2026-09-30
울산신용보증재단,동울산지점,동구,"울산광역시 동구 방어진순환도로 1145, 3층",052-281-8100,https://www.ulsanshinbo.co.kr/05_about/?mcode=0405070000,2026-09-30
울산신용보증재단,서울산지점,"서울주군(언양읍, 범서읍, 웅촌면, 삼남면, 삼동면, 상북면, 두동면, 두서면)","울산광역시 울주군 언양읍 동문길 58, 경남은행 언양지점 2층",052-285-8100,https://www.ulsanshinbo.co.kr/05_about/?mcode=0405070000,2026-09-30
울산신용보증재단,중울산지점,중구,"울산광역시 중구 새즈믄해거리 28, 농협성남동지점 3층",052-212-0013,https://www.ulsanshinbo.co.kr/05_about/?mcode=0405070000,2026-09-30
세종신용보증재단,본점(보증사업부),,"세종특별자치시 나성로 33-10(나성동, 트리플렉스빌딩 5층)",044-865-0550,https://www.sjsinbo.or.kr/sub0706,2026-09-30
경기신용보증재단,수원팔달지점(남부영업본부),수원시 팔달구·권선구,"경기도 수원시 팔달구 매산로 135, 201호·202호(교동,LH청년나래가 교동1)",1577-5900,https://www.gcgf.or.kr/gcgf/bg/gd/brnchGd.do?mi=1344,2026-09-30
경기신용보증재단,의정부지점(북부영업본부),의정부시,"경기도 의정부시 청사로48번길 7, 3층(금오동, 대송프라자)",1577-5900,https://www.gcgf.or.kr/gcgf/bg/gd/brnchGd.do?mi=1344,2026-09-30
경기신용보증재단,성남지점(동부영업본부),성남시,"경기도 성남시 분당구 분당로53번길 3, 3층(서현동, 농협은행 분당금융센터 건물)",1577-5900,https://www.gcgf.or.kr/gcgf/bg/gd/brnchGd.do?mi=1344,2026-09-30
경기신용보증재단,안양지점(중부영업본부),안양시·과천시,"경기도 안양시 만안구 만안로 217, 3층 302호(안양동, NH농협은행 건물)",1577-5900,https://www.gcgf.or.kr/gcgf/bg/gd/brnchGd.do?mi=1344,2026-09-30
경기신용보증재단,부천지점,부천시,"경기도 부천시 원미구 소향로 217, 4층(중동, NH농협은행 부천시지부건물)",1577-5900,https://www.gcgf.or.kr/gcgf/bg/gd/brnchGd.do?mi=1344,2026-09-30
경기신용보증재단,평택지점,평택시,"경기도 평택시 중앙로 37, 3층(통복동, NH농협은행 평택시지부 건물)",1577-5900,https://www.gcgf.or.kr/gcgf/bg/gd/brnchGd.do?mi=1344,2026-09-30
경기신용보증재단,고양지점,고양시 일산동구·일산서구,"경기도 고양시 일산서구 강성로 275, 7층(대화동, MG타워)",1577-5900,https://www.gcgf.or.kr/gcgf/bg/gd/brnchGd.do?mi=1344,2026-09-30
경기신용보증재단,안산지점,안산시,"경기도 안산시 단원구 당곡로 17, 3층(고잔동, 신한은행 건물)",1577-5900,https://www.gcgf.or.kr/gcgf/bg/gd/brnchGd.do?mi=1344,2026-09-30
경기신용보증재단,화성지점,만세구·효행구,"경기도 화성시 만세구 향남읍 발안로 101, 4층(행정리, 농협정메디프라자)",1577-5900,https://www.gcgf.or.kr/gcgf/bg/gd/brnchGd.do?mi=1344,2026-09-30
경기신용보증재단,남양주지점,남양주시·가평군,"경기도 남양주시 경춘로 508-10, 3층(다산동, 영린빌딩)",1577-5900,https://www.gcgf.or.kr/gcgf/bg/gd/brnchGd.do?mi=1344,2026-09-30
경기신용보증재단,이천지점,"이천시·용인(백암면, 원삼면, 양지면)·안성(일죽면)·광주(곤지암읍, 도척면)","경기도 이천시 이섭대천로 1241, 4층(창전동, 우리은행빌딩)",1577-5900,https://www.gcgf.or.kr/gcgf/bg/gd/brnchGd.do?mi=1344,2026-09-30
경기신용보증재단,용인지점,용인시,"경기도 용인시 기흥구 동백중앙로 283, A동 8층 (중동, 골드프라자)",1577-5900,https://www.gcgf.or.kr/gcgf/bg/gd/brnchGd.do?mi=1344,2026-09-30
경기신용보증재단,시흥지점,시흥시,"경기도 시흥시 산기대학로 237, 12층(정왕동, 시흥비즈니스센터)",1577-5900,https://www.gcgf.or.kr/gcgf/bg/gd/brnchGd.do?mi=1344,2026-09-30
경기신용보증재단,김포지점,김포시,"경기도 김포시 김포대로 851, 6층 601호(사우동, 제일메디칼센터)",1577-5900,https://www.gcgf.or.kr/gcgf/bg/gd/brnchGd.do?mi=1344,2026-09-30
경기신용보증재단,포천지점,"포천시·연천군·동두천(불현동, 소요동)·양주(남면, 주내면)·의정부(자금동, 송산동)·남양주(진접읍)","경기도 포천시 송우로 62, 8층(송우리, 송우웰빙타운)",1577-5900,https://www.gcgf.or.kr/gcgf/bg/gd/brnchGd.do?mi=1344,2026-09-30
경기신용보증재단,파주지점,파주시,"경기도 파주시 문화로 98, 3층(금촌동, 농협은행 파주시지부 건물)",1577-5900,https://www.gcgf.or.kr/gcgf/bg/gd/brnchGd.do?mi=1344,2026-09-30
경기신용보증재단,광주지점,광주시,"경기도 광주시 파발로 212, 3층(탄벌동)",1577-5900,https://www.gcgf.or.kr/gcgf/bg/gd/brnchGd.do?mi=1344,2026-09-30
경기신용보증재단,양주지점,"양주시·동두천시·고양(고양동, 효자동)·의정부(호원동, 가능동, 녹양동)·포천(소홀읍, 포천동, 신북면)","경기도 양주시 평화로 1215, 3층 307호(산북동, 섬유종합지원센터)",1577-5900,https://www.gcgf.or.kr/gcgf/bg/gd/brnchGd.do?mi=1344,2026-09-30
경기신용보증재단,동탄지점,동탄구·병점구,"경기도 화성시 동탄구 동탄반석로 130, 1001호·1002호(반송동, 드림프라자)",1577-5900,https://www.gcgf.or.kr/gcgf/bg/gd/brnchGd.do?mi=1344,2026-09-30
경기신용보증재단,광명지점,"광명시·안양(만안구)·시흥(과림동, 목감동)","경기도 광명시 철산로 36, 9층 902호(철산동, 양정타워)",1577-5900,https://www.gcgf.or.kr/gcgf/bg/gd/brnchGd.do?mi=1344,2026-09-30
경기신용보증재단,군포지점,"군포시·의왕시·수원(장안구)·용인(수지구)·안양(호계동, 평촌동, 만안구)","경기도 군포시 고산로 166, 102동 1205호 (당정동, SK벤티움)",1577-5900,https://www.gcgf.or.kr/gcgf/bg/gd/brnchGd.do?mi=1344,2026-09-30
경기신용보증재단,안성지점,"안성시·용인(이동읍, 원삼면, 백암면, 남사읍)·평택(송북동, 송탄동, 비전동, 진위면)·이천(설성면, 율면)","경기도 안성시 비룡5길 30, 2층 209호-213호, (석정동 , 한경대학교 산학협력관)",1577-5900,https://www.gcgf.or.kr/gcgf/bg/gd/brnchGd.do?mi=1344,2026-09-30
경기신용보증재단,하남지점,하남시,"경기도 하남시 검단산로 239, 1층(창우동, 경기창업혁신공간)",1577-5900,https://www.gcgf.or.kr/gcgf/bg/gd/brnchGd.do?mi=1344,2026-09-30
경기신용보증재단,구리지점,"구리시·남양주(별내동, 도농동, 다산동, 퇴계원읍, 진건읍)","경기도 구리시 벌말로 145, 4층(토평동, 토평프라자)",1577-5900,https://www.gcgf.or.kr/gcgf/bg/gd/brnchGd.do?mi=1344,2026-09-30
경기신용보증재단,오산지점,"오산시·화성(정남면, 화산동, 동탄동, 병점동, 능동, 기산동, 반정동, 반월동, 배양동, 기안동)·평택(서탄면, 진위면, 신장동, 지산동, 서정동, 송북동)·용인(남사면)","경기도 오산시 성호대로 124, 3층(원동, 오산신협빌딩)",1577-5900,https://www.gcgf.or.kr/gcgf/bg/gd/brnchGd.do?mi=1344,2026-09-30
경기신용보증재단,여주지점,여주시·양평군,"경기도 여주시 세종로 10, 6층 (홍문동, 영무스카이빌딩)",1577-5900,https://www.gcgf.or.kr/gcgf/bg/gd/brnchGd.do?mi=1344,2026-09-30
경기신용보증재단,원당역지점,고양시 덕양구,"경기도 고양시 덕양구 고양대로 1415, C동 7층 707호(성사동, 고양창조혁신캠퍼스)",1577-5900,https://www.gcgf.or.kr/gcgf/bg/gd/brnchGd.do?mi=1344,2026-09-30
경기신용보증재단,수원광교지점,수원시 영통구·장안구,"경기도 수원시 영통구 도청로 52, 2층(이의동,경기신용보증재단 본점)",1577-5900,https://www.gcgf.or.kr/gcgf/bg/gd/brnchGd.do?mi=1344,2026-09-30
경기신용보증재단,가평출장소,가평군,"경기도 가평군 청평면 청평중앙로 52, 2층(청평리, 신협빌딩)",1577-5900,https://www.gcgf.or.kr/gcgf/bg/gd/brnchGd.do?mi=1344,2026-09-30
경기신용보증재단,동두천출장소,동두천시,"경기도 동두천시 큰시장로 29-1, 3층(생연동)",1577-5900,https://www.gcgf.or.kr/gcgf/bg/gd/brnchGd.do?mi=1344,2026-09-30
경기신용보증재단,양평출장소,양평군,"경기도 양평군 양평읍 양평시장길 11-1, 2층(양근리, 양평물맑은시장 쉼터)",1577-5900,https://www.gcgf.or.kr/gcgf/bg/gd/brnchGd.do?mi=1344,2026-09-30
경기신용보증재단,연천출장소,연천군,"경기도 연천군 전곡로 81, 2층(전곡리, KT건물)",1577-5900,https://www.gcgf.or.kr/gcgf/bg/gd/brnchGd.do?mi=1344,2026-09-30
경기신용보증재단,의왕출장소,의왕시,"경기도 의왕시 경수대로391번길 14-12 (오전동, 농협은행 의왕시지부)",1577-5900,https://www.gcgf.or.kr/gcgf/bg/gd/brnchGd.do?mi=1344,2026-09-30
강원신용보증재단,춘천지점,춘천·화천·양구·철원,(24436) 강원특별자치도 춘천시 경춘로 2370(한국교직원공제회 강원회관 6층),033-260-0001,https://www.gwsinbo.or.kr/newpage/newpage.php?f_id=sub2_12_2,2026-09-30
강원신용보증재단,원주지점,원주·횡성,(26336) 강원특별자치도 원주시 호저로 47 (강원특별자치도산업경제진흥원 1층),033-260-0001,https://www.gwsinbo.or.kr/newpage/newpage.php?f_id=sub2_12_3,2026-09-30
강원신용보증재단,강릉지점,강릉·평창,(25528) 강원 강릉시 강릉대로 176 (강릉고용복지플러스센터 7층),033-260-0001,https://www.gwsinbo.or.kr/newpage/newpage.php?f_id=sub2_12_4,2026-09-30
강원신용보증재단,속초지점,속초·고성·양양,(24829) 강원특별자치도 속초시 청학로 37 수광빌딩 (기업은행 6층),033-260-0001,https://www.gwsinbo.or.kr/newpage/newpage.php?f_id=sub2_12_5,2026-09-30
강원신용보증재단,태백지점,태백·정선·영월,(26011) 강원특별자치도 태백시 황지로 188-1 (신한은행 2층),033-260-0001,https://www.gwsinbo.or.kr/newpage/newpage.php?f_id=sub2_12_6,2026-09-30
강원신용보증재단,동해지점,동해·삼척,(25769) 강원특별자치도 동해시 중앙로 250 (국민은행 2층),033-260-0001,https://www.gwsinbo.or.kr/newpage/newpage.php?f_id=sub2_12_7,2026-09-30
강원신용보증재단,홍천지점,홍천·인제,(25139) 강원특별자치도 홍천군 홍천읍 홍천로 376 (방주빌딩 4층),033-260-0001,https://www.gwsinbo.or.kr/newpage/newpage.php?f_id=sub2_12_8,2026-09-30
충북신용보증재단,본점,청주시 서원구·청주시 흥덕구,"(28399) 충북 청주시 흥덕구 풍산로 50, 5층 (가경동, 중소기업지원센터)",043-249-5700,https://www.cbsinbo.or.kr/sub.php?code=10,2026-09-30
충북신용보증재단,충주지점,충주시·괴산군,"(27376) 충북 충주시 국원대로 100, 3층 (교현동, 농협은행 충주시지부)",043-249-5760,https://www.cbsinbo.or.kr/sub.php?code=10,2026-09-30
충북신용보증재단,남부지점,보은군·옥천군·영동군,"(29040) 충북 옥천군 옥천읍 동부로 15, 3층 (옥천읍행정복지센터)",043-249-5780,https://www.cbsinbo.or.kr/sub.php?code=10,2026-09-30
충북신용보증재단,제천지점,제천시·단양군,"(27169) 충북 제천시 풍양로 92, 3층 (명동, 농협은행 제천시지부)",043-249-5790,https://www.cbsinbo.or.kr/sub.php?code=10,2026-09-30
충북신용보증재단,혁신도시지점,증평군·진천군·음성군,"(27738) 충북 음성군 맹동면 원중로 1374, 203호·204호 (킹스밀오피스텔1차)",043-249-5770,https://www.cbsinbo.or.kr/sub.php?code=10,2026-09-30
충북신용보증재단,청주청원지점,청주시 청원구·증평군·괴산군,"(28328) 충북 청주시 청원구 공항로150번길 73, 5층 (율량동, KT빌딩)",043-279-7950,https://www.cbsinbo.or.kr/sub.php?code=10,2026-09-30
충북신용보증재단,청주상당지점,청주시 상당구,"(28516) 충북 청주시 상당구 상당로 60 (문화동, 충북신용보증재단)",043-279-7960,https://www.cbsinbo.or.kr/sub.php?code=10,2026-09-30
충남신용보증재단,천안서북지점,,충남 천안시 서북구 불당14로 48 NH농협은행 천안시지부 6층,1588-7310,https://www.cnsinbo.co.kr/sub/info.do?m=0504&page=0504&s=cnsinbo,2026-09-30
충남신용보증재단,천안동남지점,,"천안시 동남구 청수14로 96(청당동, 백석문화센터) 8층",1588-7310,https://www.cnsinbo.co.kr/sub/info.do?m=0504&page=0504&s=cnsinbo,2026-09-30
충남신용보증재단,서산지점,,충남 서산시 고운로 168 신한은행 서산금융센터 2층,1588-7310,https://www.cnsinbo.co.kr/sub/info.do?m=0504&page=0504&s=cnsinbo,2026-09-30
충남신용보증재단,공주지점,,충남 공주시 신관로 38 주원빌딩 6층,1588-7310,https://www.cnsinbo.co.kr/sub/info.do?m=0504&page=0504&s=cnsinbo,2026-09-30
충남신용보증재단,논산지점,,충남 논산시 계백로 979 3층,1588-7310,https://www.cnsinbo.co.kr/sub/info.do?m=0504&page=0504&s=cnsinbo,2026-09-30
충남신용보증재단,보령지점,,충남 보령시 터미널길 29 보령우체국 4층,1588-7310,https://www.cnsinbo.co.kr/sub/info.do?m=0504&page=0504&s=cnsinbo,2026-09-30
충남신용보증재단,당진지점,,충남 당진시 밤절로 160-13 NH농협은행 당진시지부 4층,1588-7310,https://www.cnsinbo.co.kr/sub/info.do?m=0504&page=0504&s=cnsinbo,2026-09-30
충남신용보증재단,아산지점,,"충남 아산시 모종남로12번길 20, NH농협은행 아산시지부 3층",1588-7310,https://www.cnsinbo.co.kr/sub/info.do?m=0504&page=0504&s=cnsinbo,2026-09-30
충남신용보증재단,내포지점,,충남 홍성군 홍북읍 의향로 263 504호,1588-7310,https://www.cnsinbo.co.kr/sub/info.do?m=0504&page=0504&s=cnsinbo,2026-09-30
전북신용보증재단,완산지점,전주완산,"전주시 완산구 홍산로 276, 전주상공회의소 2층",063-230-3347,https://www.jbcredit.or.kr/site/menu/MENU_000000000000015,2026-09-30
전북신용보증재단,덕진지점,전주덕진,전주시 덕진구 송천로 1 (센트럴파크아파트) 1-102호(송천동 센트럴파크 상가 블록동),063-230-3385,https://www.jbcredit.or.kr/site/menu/MENU_000000000000015,2026-09-30
전북신용보증재단,군산지점,,"군산시 내항1길 4, 군산 상공회의소 1층",063-452-0341,https://www.jbcredit.or.kr/site/menu/MENU_000000000000015,2026-09-30
전북신용보증재단,익산지점,,"익산시 무왕로 1133, 2층 (공사로 인해 26.9.17.부터 영업점 임시 변경)",063-838-9377,https://www.jbcredit.or.kr/site/menu/MENU_000000000000015,2026-09-30
전북신용보증재단,정읍지점,,"정읍시 중앙1길 76, 정읍새마을금고 3층",063-533-6411,https://www.jbcredit.or.kr/site/menu/MENU_000000000000015,2026-09-30
전북신용보증재단,남원지점,남원·임실·순창,"남원시 광한북로 63, NH농협은행 남원시지부 2층",063-633-7611,https://www.jbcredit.or.kr/site/menu/MENU_000000000000015,2026-09-30
전북신용보증재단,김제지점,,"김제시 중앙로 139, NH농협은행 김제시지부 3층",063-547-6411,https://www.jbcredit.or.kr/site/menu/MENU_000000000000015,2026-09-30
전북신용보증재단,완주지점,,"완주군 용진읍 운곡2로 3, NH농협은행 완주군지부 2층",063-247-9551,https://www.jbcredit.or.kr/site/menu/MENU_000000000000015,2026-09-30
전북신용보증재단,무진장지점,무주·진안·장수,"진안군 진안읍 중앙로 70, NH농협은행 진안군지부 2층",063-433-8402,https://www.jbcredit.or.kr/site/menu/MENU_000000000000015,2026-09-30
전북신용보증재단,고창지점,,"고창군 고창읍 중앙로 330, 선운교육문화회관 1층",063-564-9711,https://www.jbcredit.or.kr/site/menu/MENU_000000000000015,2026-09-30
전북신용보증재단,부안지점,,"부안군 부안읍 석정로 255, NH농협은행 부안군지부 3층",063-584-7670,https://www.jbcredit.or.kr/site/menu/MENU_000000000000015,2026-09-30
전북신용보증재단,디지털금융지점,,"전주시 완산구 홍산로 276, 전주상공회의소 3층",063-290-4628,https://www.jbcredit.or.kr/site/menu/MENU_000000000000015,2026-09-30
전남신용보증재단,순천지점,순천·곡성·고흥·보성,"전남광주통합특별시 순천시 팔마로 205 701호 (풍덕동, 척병원 7층)",061-729-0629,https://www.jnsinbo.or.kr/jnsinbo/operation/intro/branch.do,2026-09-30
전남신용보증재단,목포지점,목포·영암·무안·신안,전남광주통합특별시 무안군 삼향읍 오룡3길 2 (전남중소기업진흥원) 5층,061-285-0745,https://www.jnsinbo.or.kr/jnsinbo/operation/intro/branch.do,2026-09-30
전남신용보증재단,여수지점,여수,전남광주통합특별시 여수시 시청로 30 산업은행 2층,061-642-2471,https://www.jnsinbo.or.kr/jnsinbo/operation/intro/branch.do,2026-09-30
전남신용보증재단,광양지점,광양·구례,전남광주통합특별시 광양시 오류로 52 (기업은행 광양지점) 2층,061-794-3860,https://www.jnsinbo.or.kr/jnsinbo/operation/intro/branch.do,2026-09-30
전남신용보증재단,나주지점,나주·장성·화순·함평·담양·영광,전남광주통합특별시 나주시 빛가람로 746 (에스타워) 6층,061-333-9421,https://www.jnsinbo.or.kr/jnsinbo/operation/intro/branch.do,2026-09-30
전남신용보증재단,해남지점,해남·진도·강진·장흥·완도,"전남광주통합특별시 해남군 해남읍 군청길 13, 2층 (군청 민원실 주차장 맞은편)",061-535-9333,https://www.jnsinbo.or.kr/jnsinbo/operation/intro/branch.do,2026-09-30
경북신용보증재단,중부센터(구미지점),구미,"경북 구미시 백산로 136,(송정동 66번지) (NH농협은행 구미중앙지점 2층)",1588-7679(AI 콜센터),https://gbsinbo.co.kr/page/10051/10031.tc,2026-09-30
경북신용보증재단,동부센터(포항지점),포항·울진·영덕·울릉,"경북 포항시 북구 포스코대로 299,(죽도동 642-4) (신한은행 포스코대로금융센터 3층)",1588-7679(AI 콜센터),https://gbsinbo.co.kr/page/10051/10031.tc,2026-09-30
경북신용보증재단,북부센터(안동지점),안동·영양·청송·의성,경북 안동시 문화광장길 66(삼산동 91-2번지) (NH농협은행 안동시지부 3층),1588-7679(AI 콜센터),https://gbsinbo.co.kr/page/10051/10031.tc,2026-09-30
경북신용보증재단,경산지점,경산·청도,"경북 경산시 원효로 15,(중방동 869-5) (NH농협은행 경산시지부 3층)",1588-7679(AI 콜센터),https://gbsinbo.co.kr/page/10051/10031.tc,2026-09-30
경북신용보증재단,경주지점,경주,경주시 화랑로 67 (아이엠뱅크 경주영업부 2층),1588-7679(AI 콜센터),https://gbsinbo.co.kr/page/10051/10031.tc,2026-09-30
경북신용보증재단,영주지점,영주·봉화,"경북 영주시 번영로 149,(하망동 344-34) (아이엠뱅크 영주지점 2층)",1588-7679(AI 콜센터),https://gbsinbo.co.kr/page/10051/10031.tc,2026-09-30
경북신용보증재단,김천지점,김천,"경북 김천시 김천로 154,(남산동 50-2)(NH농협은행 김천시지부 3층)",1588-7679(AI 콜센터),https://gbsinbo.co.kr/page/10051/10031.tc,2026-09-30
경북신용보증재단,영천지점,영천,"경북 영천시 시장로 45,(완산동 1072-5) (아이엠뱅크 영천영업부 3층)",1588-7679(AI 콜센터),https://gbsinbo.co.kr/page/10051/10031.tc,2026-09-30
경북신용보증재단,문경지점,문경·예천,"경북 문경시 중앙로 141,(점촌동 261-1) (NH농협은행 문경시지부 3층)",1588-7679(AI 콜센터),https://gbsinbo.co.kr/page/10051/10031.tc,2026-09-30
경북신용보증재단,칠곡지점,칠곡·고령·성주,경북 칠곡군 왜관읍 중앙로 206(왜관리 212-87)(농협은행 칠곡군지부 3층),1588-7679(AI 콜센터),https://gbsinbo.co.kr/page/10051/10031.tc,2026-09-30
경북신용보증재단,상주지점,상주,"경북 상주시 상산로 260,(남성동 85-1) (NH농협은행 상주시지부 3층)",1588-7679(AI 콜센터),https://gbsinbo.co.kr/page/10051/10031.tc,2026-09-30
경남신용보증재단,창원지점,의창구·성산구,"경남 창원시 성산구 원이대로 362, 1층 (창원컨벤션센터 1층)",1644-2900,https://www.gnsinbo.or.kr/bbs/content.php?co_id=01_01_05,2026-09-30
경남신용보증재단,마산지점,마산회원구·마산합포구 / 공동관할: 고성군,"경남 창원시 마산합포구 북성로 5, 2층 (NH 농협은행 마산지점 2층)",1644-2900,https://www.gnsinbo.or.kr/bbs/content.php?co_id=01_01_05,2026-09-30
경남신용보증재단,진해지점,진해구,"경남 창원시 진해구 충장로 124, 1층 (BNK 경남은행 진해지점1층)",1644-2900,https://www.gnsinbo.or.kr/bbs/content.php?co_id=01_01_05,2026-09-30
경남신용보증재단,김해지점,김해시,"경남 김해시 주촌면 골든루트로 80-16 ,3층 (김해중소기업비즈니스센터 3층)",1644-2900,https://www.gnsinbo.or.kr/bbs/content.php?co_id=01_01_05,2026-09-30
경남신용보증재단,진주지점,진주시 / 공동관할: 고성군·산청군·하동군·합천군,"경남 진주시 진주대로 1042, 2층 (BNK 경남은행 진주중앙지점 2층)",1644-2900,https://www.gnsinbo.or.kr/bbs/content.php?co_id=01_01_05,2026-09-30
경남신용보증재단,양산지점,양산시,"경남 양산시 중앙로 138, 3층 (NH 농협은행 양산시지부 3층)",1644-2900,https://www.gnsinbo.or.kr/bbs/content.php?co_id=01_01_05,2026-09-30
경남신용보증재단,거제지점,거제시,"경남 거제시 거제중앙로 1895, 3층 (BNK 경남은행 거제지점 3층)",1644-2900,https://www.gnsinbo.or.kr/bbs/content.php?co_id=01_01_05,2026-09-30
경남신용보증재단,사천지점,사천시 / 공동관할: 고성군·남해군,"경남 사천시 수남길 8, 2층 (NH 농협은행 삼천포지점 2층)",1644-2900,https://www.gnsinbo.or.kr/bbs/content.php?co_id=01_01_05,2026-09-30
경남신용보증재단,통영지점,통영시 / 공동관할: 고성군,"경남 통영시 광도면 죽림1로 73, 2층 (NH 농협은행 통영한려지점 2층)",1644-2900,https://www.gnsinbo.or.kr/bbs/content.php?co_id=01_01_05,2026-09-30
경남신용보증재단,밀양지점,밀양시,"경남 밀양시 석정로 20, 2층 (NH 농협은행 밀양시지부 2층)",1644-2900,https://www.gnsinbo.or.kr/bbs/content.php?co_id=01_01_05,2026-09-30
경남신용보증재단,거창지점,거창군 / 공동관할: 함양군·합천군,"경남 거창군 거창읍 시장1길 35, 2층 (KB 국민은행 거창지점 2층)",1644-2900,https://www.gnsinbo.or.kr/bbs/content.php?co_id=01_01_05,2026-09-30
경남신용보증재단,함안지점,함안군·의령군,"경남 함안군 가야읍 가야로 25, 2층 (NH 농협은행 함안군지부 2층)",1644-2900,https://www.gnsinbo.or.kr/bbs/content.php?co_id=01_01_05,2026-09-30
경남신용보증재단,창녕출장소,창녕군,"경남 창녕군 창녕읍 종로 18, 2층 (NH 농협은행 창녕군지부 2층)",1644-2900,https://www.gnsinbo.or.kr/bbs/content.php?co_id=01_01_05,2026-09-30
제주신용보증재단,본점,,"제주시 연북로 33, 4층 (노형동, KT&G 제주본부)",064-750-4800,https://www.jcgf.or.kr/pages.php?p=1_6_1_1,2026-09-30
제주신용보증재단,서귀포지점,,"서귀포시 신중로 50, 3층 (법환동, KT 신서귀포빌딩)",064-733-8133,https://www.jcgf.or.kr/pages.php?p=1_6_1_1,2026-09-30
제주신용보증재단,동제주지점,,"제주시 건주로 45, 4층 (도련일동, 제주축협 삼화지점)",064-758-8020,https://www.jcgf.or.kr/pages.php?p=1_6_1_1,2026-09-30
