센터명,관할,주소,전화,출처 URL,확인일
서울중부센터,중구·종로구·성북구·동대문구,서울 종로구 삼봉로 95 대성스카이렉스 102동 2층,02-720-4711,https://www.semas.or.kr/web/ORG01/ORG0111/ORG011102Ajax.kmdc?code=A572&subCode=012AA0,2026-09-30
서울동부센터,광진구·성동구·강동구·중랑구,서울 광진구 자양로 142청양빌딩 4층,02-2215-0981,https://www.semas.or.kr/web/ORG01/ORG0111/ORG011102Ajax.kmdc?code=A572&subCode=012C01,2026-09-30
서울서부센터,강서구·양천구·영등포구,서울 영등포구 영등포로33 목동비즈타워 604호,02-839-8311,https://www.semas.or.kr/web/ORG01/ORG0111/ORG011102Ajax.kmdc?code=A572&subCode=012C02,2026-09-30
서울남부센터,강남구·서초구·송파구,"서울 서초구 방배로 114, 다이치빌딩 3층",02-585-8622,https://www.semas.or.kr/web/ORG01/ORG0111/ORG011102Ajax.kmdc?code=A572&subCode=012C03,2026-09-30
서울북부센터,노원구·도봉구·강북구,서울 강북구 도봉로 186 제이슨빌딩 5층,02-990-9101,https://www.semas.or.kr/web/ORG01/ORG0111/ORG011102Ajax.kmdc?code=A572&subCode=012C04,2026-09-30
동작센터,동작구·용산구,서울 동작구 동작대로 109 406호,02-3482-6686,https://www.semas.or.kr/web/ORG01/ORG0111/ORG011102Ajax.kmdc?code=A572&subCode=A425,2026-09-30
관악센터,관악구·구로구·금천구,서울 관악구 신원로 35 삼모더프라임타워 8층,02-889-9262,https://www.semas.or.kr/web/ORG01/ORG0111/ORG011102Ajax.kmdc?code=A572&subCode=A424,2026-09-30
서대문센터,서대문구·은평구·마포구,"서울시 서대문구 신촌로 67, 3층",02-323-2921,https://www.semas.or.kr/web/ORG01/ORG0111/ORG011102Ajax.kmdc?code=A572&subCode=A702,2026-09-30
부산중부센터,중구·영도구·서구·사하구·동구,부산 중구 중앙대로 63 부산우체국 12층,051-469-1644,https://www.semas.or.kr/web/ORG01/ORG0111/ORG011102Ajax.kmdc?code=A615&subCode=022CE0,2026-09-30
부산북부센터,북구·사상구·강서구,부산 북구 기찰로12 이수타워 9층,051-341-8052,https://www.semas.or.kr/web/ORG01/ORG0111/ORG011102Ajax.kmdc?code=A615&subCode=021CB0,2026-09-30
부산남부센터,부산진구·연제구·동래구·금정구,부산 연제구 중앙대로 1090프라임시티 6층,051-633-6562,https://www.semas.or.kr/web/ORG01/ORG0111/ORG011102Ajax.kmdc?code=A615&subCode=022CA0,2026-09-30
부산동부센터,남구·수영구·해운대구·기장군,부산 수영구 과정로 46SMC 빌딩 6층,051-761-2561,https://www.semas.or.kr/web/ORG01/ORG0111/ORG011102Ajax.kmdc?code=A615&subCode=022CD1,2026-09-30
울산북부센터,북구·중구·동구,울산 중구 새즈믄해거리 28 2층,052-243-7489,https://www.semas.or.kr/web/ORG01/ORG0111/ORG011102Ajax.kmdc?code=A615&subCode=A322,2026-09-30
울산남부센터,남구·울주군,울산 남구 북부순환도로 17 남운프라자 1802호,052-260-6388,https://www.semas.or.kr/web/ORG01/ORG0111/ORG011102Ajax.kmdc?code=A615&subCode=A321,2026-09-30
수원센터,수원시,"경기 수원시 영통구 반달로 87, 경기지방중소기업청 1층",031-244-5161,https://www.semas.or.kr/web/ORG01/ORG0111/ORG011102Ajax.kmdc?code=A409&subCode=061GA0,2026-09-30
평택센터,평택시,"경기 평택시 중앙로 31, 우리은행 평택금융센터 2층",031-666-0260,https://www.semas.or.kr/web/ORG01/ORG0111/ORG011102Ajax.kmdc?code=A409&subCode=061GA1,2026-09-30
화성센터,화성시·오산시,"경기 화성시 병점1로 218, 씨네샤르망 B동 303호",031-8015-5301,https://www.semas.or.kr/web/ORG01/ORG0111/ORG011102Ajax.kmdc?code=A409&subCode=062GA1,2026-09-30
성남센터,성남시,"경기 성남시 분당구 황새울로 346, 우리은행 분당중앙금융센터 4층",031-705-7341,https://www.semas.or.kr/web/ORG01/ORG0111/ORG011102Ajax.kmdc?code=A409&subCode=062GC0,2026-09-30
안양센터,안양시·군포시·의왕시·과천시,"경기 안양시 동안구 시민대로 278, 신한은행 평촌역금융센터 3층",031-383-1002,https://www.semas.or.kr/web/ORG01/ORG0111/ORG011102Ajax.kmdc?code=A409&subCode=062GG0,2026-09-30
안산센터,안산시,"경기 안산시 단원구 중앙대로 815, 안산우체국 1층",031-482-2590,https://www.semas.or.kr/web/ORG01/ORG0111/ORG011102Ajax.kmdc?code=A409&subCode=062GG1,2026-09-30
하남센터,하남시·광주시·양평군,"경기 하남시 미사강변대로 52, 미사강변블루 6층",031-794-4383,https://www.semas.or.kr/web/ORG01/ORG0111/ORG011102Ajax.kmdc?code=A409&subCode=A252,2026-09-30
용인센터,용인시,"경기 용인시 처인구 금령로 116, 용인타워 303호",031-337-1830,https://www.semas.or.kr/web/ORG01/ORG0111/ORG011102Ajax.kmdc?code=A409&subCode=A324,2026-09-30
이천센터,이천시·여주시,"경기 이천시 부악로 8, 행정A센터 302호",031-631-7455,https://www.semas.or.kr/web/ORG01/ORG0111/ORG011102Ajax.kmdc?code=A409&subCode=A420,2026-09-30
안성센터,안성시,"경기 안성시 중앙로 327, 한경대학교 산학협력단 201호~203호",031-677-6199,https://www.semas.or.kr/web/ORG01/ORG0111/ORG011102Ajax.kmdc?code=A409&subCode=A325,2026-09-30
대구남부센터,서구·중구·남구·수성구,대구 중구 국채보상로 102길 2 우리은행(동산동지점) 3층,053-629-4200,https://www.semas.or.kr/web/ORG01/ORG0111/ORG011102Ajax.kmdc?code=U53&subCode=030A02,2026-09-30
대구북부센터,북구·동구·군위군,대구 북구 옥산로 17길 14리치프라자 2층,053-341-1500,https://www.semas.or.kr/web/ORG01/ORG0111/ORG011102Ajax.kmdc?code=U53&subCode=030A01,2026-09-30
대구서부센터,달서구·달성군,대구 달서구 월배로 15길 8 595b 4층,053-639-3404,https://www.semas.or.kr/web/ORG01/ORG0111/ORG011102Ajax.kmdc?code=U53&subCode=A253,2026-09-30
안동센터,안동시·상주시·의성군·청송군·영양군,경북 안동시 경동로 661백암빌딩 6층,054-854-3281,https://www.semas.or.kr/web/ORG01/ORG0111/ORG011102Ajax.kmdc?code=U53&subCode=031DC0,2026-09-30
구미센터,구미시·김천시·성주군·칠곡군·고령군,경북 구미시 구미대로 350-27 구미시종합비즈니스지원센터 4층 408호,054-475-5682,https://www.semas.or.kr/web/ORG01/ORG0111/ORG011102Ajax.kmdc?code=U53&subCode=031DD0,2026-09-30
포항센터,포항시·영덕군·울진군·울릉군,경북 포항시 북구 포스코대로299 신한은행 4층,054-231-4363,https://www.semas.or.kr/web/ORG01/ORG0111/ORG011102Ajax.kmdc?code=U53&subCode=032DE0,2026-09-30
경주센터,경주시·영천시,경북 경주시 중앙로 67-2 경주상공회의소 2층,054-776-8343,https://www.semas.or.kr/web/ORG01/ORG0111/ORG011102Ajax.kmdc?code=U53&subCode=032DF0,2026-09-30
영주센터,영주시·문경시·봉화군·예천군,"경북 영주시 중앙로 7, 영주공유플랫폼 3층",054-634-6975,https://www.semas.or.kr/web/ORG01/ORG0111/ORG011102Ajax.kmdc?code=U53&subCode=A251,2026-09-30
경산센터,경산시·청도군,"경북 경산시 삼풍로 27, 1층",053-811-3752,https://www.semas.or.kr/web/ORG01/ORG0111/ORG011102Ajax.kmdc?code=U53&subCode=A703,2026-09-30
광주남부센터,서구·남구,광주 서구 천변좌로 268 KDB생명빌딩 21층,062-366-2122,https://www.semas.or.kr/web/ORG01/ORG0111/ORG011102Ajax.kmdc?code=A642&subCode=041EA0,2026-09-30
광주북부센터,동구·북구,"광주 북구 동문대로 170, KT두암빌딩 1층",062-525-2724,https://www.semas.or.kr/web/ORG01/ORG0111/ORG011102Ajax.kmdc?code=A642&subCode=042EB0,2026-09-30
광주서부센터,광산구,광주 광산구 하남산단8번로 177 광주경제진흥상생일자리재단 7층,062-954-2084,https://www.semas.or.kr/web/ORG01/ORG0111/ORG011102Ajax.kmdc?code=A642&subCode=041EA2,2026-09-30
목포센터,목포시·무안군·해남군·강진군·영암군·장흥군·신안군·완도군·진도군,전남 무안군 삼향읍 오룡3길 2 전남중소기업일자리경제진흥원 5층,061-285-6347,https://www.semas.or.kr/web/ORG01/ORG0111/ORG011102Ajax.kmdc?code=A642&subCode=042EC0,2026-09-30
순천센터,순천시·광양시·구례군·보성군·고흥군·곡성군,전남 순천시 해룡면 향매로109 5층,061-741-4153,https://www.semas.or.kr/web/ORG01/ORG0111/ORG011102Ajax.kmdc?code=A642&subCode=042EE0,2026-09-30
여수센터,여수시,전남 여수시 좌수영로 962-12 여수상공회의소 3층,061-665-3600,https://www.semas.or.kr/web/ORG01/ORG0111/ORG011102Ajax.kmdc?code=A642&subCode=042ED0,2026-09-30
나주센터,나주시·화순군·함평군·영광군·장성군·담양군,전남 나주시 빛가람로 685 비전타워 306호,061-332-5302,https://www.semas.or.kr/web/ORG01/ORG0111/ORG011102Ajax.kmdc?code=A642&subCode=A206,2026-09-30
제주센터,제주시,제주 제주시 연삼로 473 제주도경제통상진흥원 4층,064-751-2101,https://www.semas.or.kr/web/ORG01/ORG0111/ORG011102Ajax.kmdc?code=A642&subCode=121MA0,2026-09-30
서귀포센터,서귀포시,"제주 서귀포시 신중로 50, 1층 (KT신서귀포빌딩)",064-739-9215,https://www.semas.or.kr/web/ORG01/ORG0111/ORG011102Ajax.kmdc?code=A642&subCode=A323,2026-09-30
대전남부센터,중구·동구,대전 중구 계룡로 800 동아생명빌딩 1층,042-223-5301,https://www.semas.or.kr/web/ORG01/ORG0111/ORG011102Ajax.kmdc?code=A643&subCode=052FA0,2026-09-30
대전북부센터,유성구·서구·대덕구,"대전 유성구 가정북로 96,102호",042-864-1602,https://www.semas.or.kr/web/ORG01/ORG0111/ORG011102Ajax.kmdc?code=A643&subCode=051FB0,2026-09-30
세종센터,세종시,"세종 한누리대로 2150, 스마트허브1 3층 303호",044-868-4524,https://www.semas.or.kr/web/ORG01/ORG0111/ORG011102Ajax.kmdc?code=A643&subCode=A231,2026-09-30
천안센터,천안시,충남 천안시 서북구 광장로 215충남경제종합지원센터 8층,041-567-5302,https://www.semas.or.kr/web/ORG01/ORG0111/ORG011102Ajax.kmdc?code=A643&subCode=A428,2026-09-30
공주센터,공주시·홍성군·청양군,충남 공주시 무령로 204금성빌딩 3층,041-852-1183,https://www.semas.or.kr/web/ORG01/ORG0111/ORG011102Ajax.kmdc?code=A643&subCode=052FG0,2026-09-30
논산센터,논산시·계룡시·금산군,"충청남도 논산시 중앙로464, 논산타워 2층",041-733-5064,https://www.semas.or.kr/web/ORG01/ORG0111/ORG011102Ajax.kmdc?code=A643&subCode=052FE0,2026-09-30
서산센터,서산시·당진시·태안군,충남 서산시 고운로 177서산시2청사 2동 2층,041-663-4981,https://www.semas.or.kr/web/ORG01/ORG0111/ORG011102Ajax.kmdc?code=A643&subCode=052FF0,2026-09-30
아산센터,아산시·예산군,충남 아산시 배방읍 배방로 22 삼영프라자 202호,041-549-5392,https://www.semas.or.kr/web/ORG01/ORG0111/ORG011102Ajax.kmdc?code=A643&subCode=A426,2026-09-30
보령센터,보령시·서천군·부여군,"충남 보령시 흥덕로 22, 동백 2층",041-931-4443,https://www.semas.or.kr/web/ORG01/ORG0111/ORG011102Ajax.kmdc?code=A643&subCode=A577,2026-09-30
의정부센터,의정부시·동두천시·포천시·양주시·연천군,경기 의정부시 행복로 39 KB국민은행 의정부중앙종합금융센터 4층,031-876-4384,https://www.semas.or.kr/web/ORG01/ORG0111/ORG011102Ajax.kmdc?code=A623&subCode=062GD0,2026-09-30
광명센터,광명시,경기 광명시 범안로 1035송화빌딩 6층 601호,02-2066-6348,https://www.semas.or.kr/web/ORG01/ORG0111/ORG011102Ajax.kmdc?code=A623&subCode=062GB0,2026-09-30
부천센터,부천시,경기 부천시 길주로 433네스필러타워 2층,032-655-0381,https://www.semas.or.kr/web/ORG01/ORG0111/ORG011102Ajax.kmdc?code=A623&subCode=062GE0,2026-09-30
고양센터,고양시·파주시,경기 고양시 일산동구 장백로 204보림빌딩 604호,031-925-4266,https://www.semas.or.kr/web/ORG01/ORG0111/ORG011102Ajax.kmdc?code=A623&subCode=062GF0,2026-09-30
시흥센터,시흥시,경기 시흥시 은계로 347 다온프라자 4층 403호,031-311-2689,https://www.semas.or.kr/web/ORG01/ORG0111/ORG011102Ajax.kmdc?code=A623&subCode=A421,2026-09-30
김포센터,김포시,"경기 김포시 돌문로49, 원정빌딩 4층",031-997-4302,https://www.semas.or.kr/web/ORG01/ORG0111/ORG011102Ajax.kmdc?code=A623&subCode=A422,2026-09-30
구리센터,구리시·남양주시·가평군,경기 구리시 건원대로44 태영빌딩 502호,031-554-5361,https://www.semas.or.kr/web/ORG01/ORG0111/ORG011102Ajax.kmdc?code=A623&subCode=A423,2026-09-30
인천남부센터,연수구·남동구·미추홀구·영종구·제물포구·옹진군,인천 미추홀구 인주대로 416삼원빌딩 2층,032-437-3570,https://www.semas.or.kr/web/ORG01/ORG0111/ORG011102Ajax.kmdc?code=A626&subCode=072HD2,2026-09-30
인천북부센터,부평구·계양구·검단구·서해구·강화군,인천 부평구 부흥로 337 신한은행 5층,032-514-4010,https://www.semas.or.kr/web/ORG01/ORG0111/ORG011102Ajax.kmdc?code=A626&subCode=072HD1,2026-09-30
춘천센터,춘천시·홍천군·양구군·화천군·철원군,강원 춘천시 안마산로 262강원지방중소벤처기업청 1층,033-243-1950,https://www.semas.or.kr/web/ORG01/ORG0111/ORG011102Ajax.kmdc?code=A573&subCode=081IA0,2026-09-30
강릉센터,강릉시·평창군,강원 강릉시 종합운동장길 88 대한상공회의소 3층,033-645-1950,https://www.semas.or.kr/web/ORG01/ORG0111/ORG011102Ajax.kmdc?code=A573&subCode=082IB0,2026-09-30
원주센터,원주시·횡성군·영월군,강원 원주시 호저로 47 강원특별자치도경제진흥원 3층 306호,033-746-1950,https://www.semas.or.kr/web/ORG01/ORG0111/ORG011102Ajax.kmdc?code=A573&subCode=082IC0,2026-09-30
삼척센터,삼척시·동해시·태백시·정선군,강원 삼척시 중앙로 296삼척시청 별관 1층,033-575-1950,https://www.semas.or.kr/web/ORG01/ORG0111/ORG011102Ajax.kmdc?code=A573&subCode=A169,2026-09-30
속초센터,속초시·양양군·고성군·인제군,강원특별자치도 속초시 중앙동 중앙로 183속초시청 해양수산과동 2층,033-638-1950,https://www.semas.or.kr/web/ORG01/ORG0111/ORG011102Ajax.kmdc?code=A573&subCode=A250,2026-09-30
청주센터,청주시,충북 청주시 청원구 오창읍 중심상업2로 48 충북지방중소벤처기업청 1층,043-234-1095,https://www.semas.or.kr/web/ORG01/ORG0111/ORG011102Ajax.kmdc?code=A644&subCode=091JA0,2026-09-30
충주센터,충주시,충북 충주시 으뜸로 21충주시청 11층,043-854-3616,https://www.semas.or.kr/web/ORG01/ORG0111/ORG011102Ajax.kmdc?code=A644&subCode=092JB0,2026-09-30
제천센터,제천시·단양군,"충북 제천시 풍양로 65, KT제천빌딩 2층",043-652-1781,https://www.semas.or.kr/web/ORG01/ORG0111/ORG011102Ajax.kmdc?code=A644&subCode=092JC0,2026-09-30
음성센터,음성군·괴산군·증평군·진천군,충북 음성군 맹동면 대하2가길3미르타워 3층,043-873-1811,https://www.semas.or.kr/web/ORG01/ORG0111/ORG011102Ajax.kmdc?code=A644&subCode=092JB1,2026-09-30
옥천센터,옥천군·보은군·영동군,충북 옥천군 옥천읍 동부로 15옥천읍사무소 3층,043-731-0924,https://www.semas.or.kr/web/ORG01/ORG0111/ORG011102Ajax.kmdc?code=A644&subCode=092JC1,2026-09-30
전주센터,전주시·완주군·진안군·무주군,전북 전주시 완산구 홍산로 276 전주상공회의소 6층,063-231-8110,https://www.semas.or.kr/web/ORG01/ORG0111/ORG011102Ajax.kmdc?code=A645&subCode=101KA0,2026-09-30
익산센터,익산시,전북 익산시 인북로 187 익산상공회의소 3층,063-853-4411,https://www.semas.or.kr/web/ORG01/ORG0111/ORG011102Ajax.kmdc?code=A645&subCode=102KB0,2026-09-30
정읍센터,정읍시·김제시·고창군·부안군,전북 정읍시 중앙로 72 기업은행 3층,063-533-1781,https://www.semas.or.kr/web/ORG01/ORG0111/ORG011102Ajax.kmdc?code=A645&subCode=102KC0,2026-09-30
군산센터,군산시,"전북 군산시 대학로 600, 전북특별자치도사회적경제혁신타운 3층",063-445-6317,https://www.semas.or.kr/web/ORG01/ORG0111/ORG011102Ajax.kmdc?code=A645&subCode=102KB1,2026-09-30
남원센터,남원시·장수군·임실군·순창군,전북 남원시 향단로 83 KT남원빌딩 1층,063-626-0371,https://www.semas.or.kr/web/ORG01/ORG0111/ORG011102Ajax.kmdc?code=A645&subCode=101KA1,2026-09-30
창원센터,"창원시(구,마산시,진해시)·창녕군·함안군","경남 창원시 성산구 상남로 60, 오션타워 5층(502, 503호)",055-275-3271,https://www.semas.or.kr/web/ORG01/ORG0111/ORG011102Ajax.kmdc?code=A631&subCode=111LA0,2026-09-30
진주센터,진주시·사천시·산청군·의령군·남해군·하동군·거창군·함양군·합천군,경남 진주시 충의로 26경남은행 영업본부 3층,055-758-6701,https://www.semas.or.kr/web/ORG01/ORG0111/ORG011102Ajax.kmdc?code=A631&subCode=112LB0,2026-09-30
김해센터,김해시,경남 김해시 호계로422번길 24김해상공회의소 1층,055-323-4960,https://www.semas.or.kr/web/ORG01/ORG0111/ORG011102Ajax.kmdc?code=A631&subCode=112LC0,2026-09-30
통영센터,통영시·거제시·고성군,경남 통영시 광도면 죽림1로 73농협은행(한려지점) 3층,055-648-2107,https://www.semas.or.kr/web/ORG01/ORG0111/ORG011102Ajax.kmdc?code=A631&subCode=112LD0,2026-09-30
양산센터,양산시·밀양시,"경남 양산시 중앙로 33-2, 양산비즈니스센터 4층",055-367-7112,https://www.semas.or.kr/web/ORG01/ORG0111/ORG011102Ajax.kmdc?code=A631&subCode=A232,2026-09-30
