사례ID,실행 연월,기관,자금명,실행 금액(만원),금리,상환 조건,지역(시도),업종,사업 형태,업력(년),신용점수 구간,연매출 구간,폐업 이력,체납 이력,기존 정책자금,동시 진행 자금,소요일,한 줄 메모,증빙 파일,사이트 공개
2026-09,2026-08,지역신용보증재단,보증부 대출,3000,연 3.141%,"분할상환, 거치 12개월",경남,교육서비스업,개인,15.2,600점대,1억원 미만,없음,있음,없음,,45,,ev-2026-09-jaedan-3000.webp,Y
2026-10,2026-08,인천신용보증재단,인천 소상공인 특례보증 대출,4000,연 3.65%,"분할상환, 거치 12개월",인천,건설업,개인,3.1,800점대,3억원 미만,재창업,있음,없음,중진공,84,,ev-2026-10-jaedan-4000.webp,Y
2026-11,2026-08,소상공인시장진흥공단,소상공인 정책자금 신용취약소상공인자금,3000,연 4.14%,"분할상환, 거치 24개월",경기,서비스업,개인,1.2,600점대,5천만원 이상,없음,있음,없음,재단,321,,,Y
2026-12,2026-08,경남신용보증재단,보증부 대출,1000,연 3.53%,"분할상환, 거치 24개월",경남,도소매업,개인,2.9,700점대,5천만원 미만,없음,없음,있음,,37,,,Y
2026-13,2026-08,대구신용보증재단,보증부 대출 (대구시 지자체 소상공인 이차보전 특례보증 상품),2000,연 2.5%,"분할상환, 거치 24개월",대구,서비스업,개인,1.1,700점대,3천만원 미만,없음,없음,없음,,66,,,Y
2026-14,2026-08,소상공인시장진흥공단,재도전특별자금(창업),2800,연 4.94%,"분할상환, 거치 12개월",경기,소매업,개인,2.9,700점대,3억원 이상,재창업,없음,있음,재단,94,,,Y
2026-15,2026-08,소상공인시장진흥공단,재도전특별자금(창업),3100,연 4.94%,"분할상환, 거치 24개월",경남,수산업,개인,2.2,700점대,1억원 미만,재창업,없음,있음,,29,,,Y
2026-16,2026-08,서울신용보증재단,서울 소상공인 특례보증 보증부 대출,1000,연 2.8%,"분할상환, 거치 24개월",서울,서비스업,개인,0.2,900점대,3천만원 미만,재창업,있음,있음,,104,,,Y
E1,2026-08,소상공인시장진흥공단,재도전특별자금(IV),5300,연 4.94%,"거치식 원금균등분할, 납입주기 1개월",전북,유통업(온라인 도소매·이커머스),개인,0.3,800점대,4천만원 이상,없음,없음,있음,,28,,ev-E1-sojingong-jaedojeon-5300.webp,Y
2026-04,2026-07,대전신용보증재단,보증부 대출,3000,연 3.53%,"분할상환, 거치 12개월",대전,도소매업,개인,0.9,800점대,3억원 미만,재창업,없음,없음,재단,17,,,Y
2026-05,2026-07,대구신용보증재단,청년고용연계자금,3000,연 2.5%,"분할상환, 거치 24개월",대구,요식업,개인,3.3,600점대,3억원 이상,재창업,없음,있음,,16,,,Y
2026-06,2026-07,지역신용보증재단,보증부 대출 (소상공인 특례보증),2000,연 3.32%,"분할상환, 거치 24개월",경기,뷰티업,개인,0.3,700점대,3천만원 미만,없음,없음,없음,,11,,,Y
2026-07,2026-07,소상공인시장진흥공단,신용취약소상공인자금 (소상공인 정책자금 직접대출),2000,연 5.25%,"거치식 원금균등분할, 만기 2031-07-22",충남,제조업,개인,5.2,600점대,1억~3억원,재창업,있음,없음,재단,505,,ev-2026-07-sojingong-sinyongchwiyak-2000.webp,Y
2026-08,2026-07,경기신용보증재단,보증부 대출,3000,연 3.141%,"분할상환, 거치 24개월",경기,서비스업,개인,0.6,700점대,1억~3억원,재창업,있음,있음,,148,,,Y
2026-01,2026-06,경기신용보증재단,보증부 대출,10000,연 3.65%,"분할상환, 거치 24개월",경기,요식업,개인,0.4,900점대,5천만원 미만,없음,없음,없음,,21,,,Y
2026-02,2026-06,경기신용보증재단,보증부 대출,1800,연 4.14%,"분할상환, 거치 12개월",경기,도소매업,개인,16.2,700점대,3억원 이상,없음,없음,없음,,37,,,Y
2026-03,2026-06,경북신용보증재단,보증부 대출,2000,연 3.53%,"분할상환, 거치 24개월",경북,요식업,개인,1.2,800점대,1억원 미만,재창업,없음,없음,재단,3,,ev-2026-03-jaedan-2000.webp,Y
E2,2026-06,소상공인시장진흥공단,신용취약소상공인자금,2000,"연 4.84% (기준 3.44+가산 1.6−우대 0.2, 변동)",거치식 원금균등분할 (48개월),경남,유통(도소매),개인,1,600점대,2천만원 이상,없음,없음,없음,,41,,ev-E2-sojingong-sinyongchwiyak-2000.webp,Y
E3,2026-05,소상공인시장진흥공단,소상공인 정책자금 (인천 제조업 특화자금),4000,연 3.43%,"분할상환, 거치 24개월",인천,제조업,개인,4,700점대,1억원 미만,재창업,없음,없음,,28,,ev-E3-sojingong-4000.webp,Y
E4,2026-05,지역신용보증재단(충북),보증부 대출,5000,연 3.43%(충청북도 중소기업 육성자금),"분할상환, 거치 24개월",충북,음식점업,개인,1,800점대,8천만원 미만,재창업,없음,없음,,25,,ev-E4-chungbuk-jaedan-5000.webp,Y
E5,2026-05,소상공인시장진흥공단,혁신성장촉진자금(운전),6000,"연 3.84% (기준 3.44+가산 0.4−우대 0, 변동)","거치식 원금균등분할, 납입주기 1개월",서울,도소매업,법인,1,700점대,6천만원 미만,없음,없음,없음,,30,,ev-E5-sojingong-hyeoksin-6000.webp,Y
E6,2026-04,부산신용보증재단,부산시 중소기업 육성자금 보증부 대출,10000,연 3.14% (부산시이차보전 우대 -1.5%),보증서대출 이자만 납부 방식,부산,기술·제조,법인,5,900점대,3억원 이상,없음,없음,없음,,40,,ev-E6-jaedan-10000.webp,Y
E7,2025-07,기술보증기금 + 소상공인시장진흥공단,"기보 보증부 대출 2억 9,000만 + 소진공 정책자금 3,000만 동시",32000,2.8%(지자체 이차보전상품),보증서대출 이자만 납부 방식,울산,기술기업,법인,7,700점대,15억원 미만,없음,없음,없음,"기술보증기금, 소상공인 정책자금",60,,ev-E7-gibo-29000-sojingong-3000.webp,Y
E8,2025-02,서울 기술보증기금,기보 보증부 대출 2억 + 중진공 청년창업자금대출,20000,1.85%(문화콘텐츠진흥원 미디어 제작 이차보전 상품 금리감면 -2.0%),보증서대출 이자만 납부 방식,서울,광고업,법인,2,800점대,7억원 미만,없음,없음,없음,"기술보증기금,중진공",70,,ev-E8-gibo-20000.webp,Y
2026-01,2026-08,기술보증기금,기보 보증부 대출,18000,연 2.98%,보증서대출 이자만 납부 방식,서울,온라인 B2B 플랫폼,법인,11.6,900점대,10억~30억,없음,없음,없음,,30,,,
2026-02,2026-08,신용보증기금,신보 보증부 대출 (일반성장),22000,연 3.28%,보증서대출 이자만 납부 방식,강원,친환경 패키징 제조,법인,7.5,800점대,30억~50억,없음,없음,있음,,38,,,
2026-03,2026-08,신용보증기금,유망창업기업 Start-up 보증,10500,연 3.18%,보증서대출 이자만 납부 방식,부산,화장품 제조·수출,법인,6.5,800점대,5억~10억,재창업,없음,있음,,30,,,
2026-04,2026-08,경북신용보증재단,경북 소상공인 특례보증 대출,2000,연 2.57%,"분할상환, 거치 12개월",경북,건설·인테리어,개인,7.8,600점대,5천만원 미만,없음,없음,없음,,24,,,
2026-05,2026-08,신용보증기금,유망창업기업 Start-up 보증,17000,연 3.29%,보증서대출 이자만 납부 방식,경기,섬유·의류 제조업,법인,10.9,700점대,10억~30억,없음,없음,있음,,40,,,
2026-06,2026-08,소상공인시장진흥공단,재도전특별자금(창업),3000,연 4.97%,"분할상환, 거치 24개월",경기,전문 음식점업,개인,1.3,600점대,1억 미만,없음,없음,없음,,27,,,
E73,2026-08,소상공인시장진흥공단,혁신성장촉진자금(운전),3500,연 4.19%,거치식 원금균등분할(48개월),경기,생활용품 도소매,개인,0.9,600점대,5천만원 미만,없음,없음,없음,,37,,,
2026-08,2026-08,소상공인시장진흥공단,소공인특화자금,1000,연 5.01%,거치식 원금균등분할(48개월),충북,교육 서비스업,개인,3.2,800점대,1억~3억원,재창업,없음,없음,,43,,,
2026-09,2026-08,소상공인시장진흥공단,신용취약소상공인자금(소상공인 정책자금 직접대출),1000,연 4.69%,"분할상환, 거치 24개월",경남,식품 제조·가공업,개인,3.8,800점대,1억 미만,재창업,없음,없음,,24,,,
2026-10,2026-08,소상공인시장진흥공단,혁신성장촉진자금(운전),1500,연 4.39%,"분할상환, 거치 24개월",경북,카페·베이커리,개인,4.4,700점대,5천만원 미만,재창업,없음,없음,재단,14,,,
2026-01,2026-07,중소벤처기업진흥공단,혁신창업사업화자금,15500,연 2.74%,"분할상환, 거치 12개월",경기,의료기기 제조업,법인,9.5,700점대,10억~30억,없음,없음,없음,,59,,,
2026-02,2026-07,기술보증기금,청년창업 스마트보증,26000,연 2.93%,보증서대출 이자만 납부 방식,울산,소프트웨어 개발,법인,7.5,700점대,50억원 이상,없음,없음,있음,신보,42,,,
E84,2026-07,신용보증기금,스케일업 보증부 대출,10500,연 3.32%,보증서대출 이자만 납부 방식,충남,화장품 제조·수출,법인,9.6,700점대,10억~30억,없음,없음,있음,,35,,,
2026-04,2026-07,기술보증기금,기보 보증부 대출,14000,연 3.21%,보증서대출 이자만 납부 방식,경기,친환경 패키징 제조,법인,4.8,700점대,50억원 이상,없음,없음,없음,중진공,55,,,
2026-05,2026-07,중소벤처기업진흥공단,혁신창업사업화자금,18500,연 2.85%,"거치 24개월, 분할상환",경기,전자기기 제조,법인,7.6,900점대,10억~30억,없음,없음,있음,,47,,,
2026-06,2026-07,지역신용보증재단,보증부 대출,5000,연 3.17%,"분할상환, 거치 12개월",경북,온라인 이커머스,개인,2.1,900점대,5천만원 미만,없음,없음,없음,,11,,,
2026-07,2026-07,중소벤처기업진흥공단,혁신창업사업화자금,14000,연 2.67%,"거치 24개월, 분할상환",경남,로봇 자동화 설비,법인,8.8,700점대,3억~5억,없음,없음,없음,,47,,,
2026-08,2026-07,대전신용보증재단,대전 소상공인 특례보증 대출,2500,연 2.78%,"분할상환, 거치 24개월",대전,건설·인테리어,개인,9.7,600점대,1억 미만,없음,없음,있음,재단,26,,,
E68,2026-07,기술보증기금,기보 우수R&D 기술보증 대출,16500,연 2.85%,보증서대출 이자만 납부 방식,인천,2차전지 부품제조,법인,5.1,700점대,50억원 이상,없음,없음,있음,,49,,,
2026-10,2026-07,광주신용보증재단,광주 소상공인 특례보증 대출,3000,연 3.5%,"분할상환, 거치 24개월",광주,도소매업,개인,2.6,900점대,5천만원 미만,없음,없음,없음,재단,20,,,
E10,2026-06,기술보증기금,기보 우수R&D 기술보증 대출,14000,연 3.23%,보증서대출 이자만 납부 방식,경기,소프트웨어 개발,법인,14.1,700점대,10억~30억,없음,없음,없음,신보,35,,,
2026-02,2026-06,중소벤처기업진흥공단,투융자복합금융자금,15500,연 3.43%,"거치 24개월, 분할상환",인천,2차전지 부품제조,법인,2.2,700점대,3억~5억,없음,없음,있음,신보,44,,,
2026-03,2026-06,대전신용보증재단,지자체 소상공인 이차보전 특례보증 상품,5000,연 3.23%,"분할상환, 거치 24개월",대전,전문 음식점업,개인,1.2,900점대,1억 미만,없음,없음,있음,,14,,,
2026-04,2026-06,신용보증기금,스케일업 보증부 대출,22000,연 3.74%,보증서대출 이자만 납부 방식,경기,반도체 장비 제조,개인,3,900점대,10억~30억,없음,없음,없음,기보,41,,,
2026-05,2026-06,신용보증기금,신보 보증부 대출 (일반성장),17000,연 3.29%,보증서대출 이자만 납부 방식,울산,가공식품 유통,법인,6.6,900점대,50억원 이상,없음,없음,있음,기보,33,,,
2026-06,2026-06,기술보증기금,기보 보증부 대출,23000,연 3.44%,보증서대출 이자만 납부 방식,경기,온라인 B2B 플랫폼,법인,5.5,900점대,10억~30억,없음,없음,없음,,45,,,
2026-07,2026-06,인천신용보증재단,인천 소상공인 특례보증 대출,3000,연 2.54%,"분할상환, 거치 12개월",인천,건설·인테리어,개인,4.2,800점대,3천만원 미만,재창업,없음,없음,재단,27,,,
2026-08,2026-06,기술보증기금,기보 보증부 대출,16500,연 3.26%,보증서대출 이자만 납부 방식,서울,친환경 패키징 제조,개인,9.8,800점대,50억원 이상,없음,없음,없음,,49,,,
E15,2026-06,신용보증기금,수출중소기업 특례보증,14500,연 3.14%,보증서대출 이자만 납부 방식,대전,정밀기계 제조업,개인,14,900점대,10억~30억,없음,없음,없음,,49,,,
E80,2026-06,신용보증기금,신보 보증부 대출 (일반성장),15500,연 3.56%,보증서대출 이자만 납부 방식,서울,친환경 패키징 제조,법인,7.2,800점대,10억~30억,없음,없음,없음,,49,,,
E9,2026-05,서울신용보증기금,신보 보증부 대출 1억 1천만,11000,연 3.74,보증서대출 이자만 납부 방식,서울,건축자재 도소매,개인,4,700점대,6억원 미만,없음,없음,없음,,90,오랜시간이 걸렸지만 믿고 맡겨주셔서 끝까지 책임지고 도와드렸습니다.,,Y
2026-01,2026-05,기술보증기금,기보 보증부 대출,22000,연 3.24%,보증서대출 이자만 납부 방식,충남,정밀기계 제조업,법인,4.7,900점대,50억원 이상,없음,없음,없음,,44,,,
2026-02,2026-05,신용보증기금,스케일업 보증부 대출,12000,연 3.69%,보증서대출 이자만 납부 방식,경북,섬유·의류 제조업,법인,10.2,800점대,5억~10억,없음,없음,없음,기보,34,,,
2026-03,2026-05,기술보증기금,청년창업 스마트보증,27500,연 3.48%,보증서대출 이자만 납부 방식,서울,2차전지 부품제조,법인,13.5,900점대,10억~30억,없음,없음,없음,,42,,,
2026-04,2026-05,지역신용보증재단,보증부 대출,3000,연 2.76%,"분할상환, 거치 24개월",서울,식품 제조·가공업,개인,4.8,700점대,3천만원 미만,재창업,없음,있음,재단,26,,,
E77,2026-05,신용보증기금,스케일업 보증부 대출,23500,연 3.83%,보증서대출 이자만 납부 방식,강원,반도체 장비 제조,법인,13.8,800점대,10억~30억,재창업,없음,없음,지자체 이차보전,35,,,
2026-06,2026-05,신용보증기금,스케일업 보증부 대출,24500,연 3.32%,보증서대출 이자만 납부 방식,울산,2차전지 부품제조,개인,5.7,800점대,30억~50억,없음,없음,있음,기보,32,,,
2026-07,2026-05,서울신용보증재단,보증부 대출,4000,연 3.0%,"분할상환, 거치 24개월",서울,생활용품 도소매,개인,4.3,700점대,1억~3억원,재창업,없음,있음,재단,25,,,
2026-08,2026-05,신용보증기금,스케일업 보증부 대출,18500,연 3.58%,보증서대출 이자만 납부 방식,서울,바이오 소재,법인,9.8,700점대,50억원 이상,없음,없음,없음,,43,,,
2026-09,2026-05,신용보증기금,스케일업 보증부 대출,12000,연 3.86%,보증서대출 이자만 납부 방식,경기,물류·운송업,법인,8.9,800점대,5억~10억,없음,없음,없음,기보,42,,,
2026-10,2026-05,신용보증기금,유망창업기업 Start-up 보증,13000,연 3.51%,보증서대출 이자만 납부 방식,경기,건축자재 도소매,법인,6.9,800점대,30억~50억,없음,없음,없음,,45,,,
2026-01,2026-04,소상공인시장진흥공단,재도전특별자금(창업),1000,연 4.87%,"분할상환, 거치 24개월",경기,전문 음식점업,개인,3.8,600점대,5천만원 미만,재창업,없음,있음,재단,22,,,
2026-02,2026-04,기술보증기금,벤처·이노비즈 특례보증,23500,연 3.36%,보증서대출 이자만 납부 방식,경북,바이오 소재,법인,9.9,900점대,50억원 이상,없음,없음,있음,중진공,39,,,
2026-03,2026-04,기술보증기금,기보 보증부 대출,27000,연 3.34%,보증서대출 이자만 납부 방식,경남,전자기기 제조,법인,11.3,700점대,50억원 이상,없음,없음,있음,,52,,,
2026-04,2026-04,소상공인시장진흥공단,신용취약소상공인자금(소상공인 정책자금 직접대출),1000,연 4.11%,"분할상환, 거치 24개월",충남,온라인 이커머스,개인,3.4,600점대,1억 미만,재창업,없음,없음,,20,,,
2026-05,2026-04,신용보증기금,스케일업 보증부 대출,11500,연 3.49%,보증서대출 이자만 납부 방식,경기,바이오 소재,법인,10.5,900점대,50억원 이상,재창업,없음,없음,지자체 이차보전,38,,,
2026-06,2026-04,지역신용보증재단,경기 소상공인 특례보증 대출,4500,연 3.35%,"분할상환, 거치 12개월",경기,온라인 이커머스,개인,3.6,900점대,1억 미만,없음,없음,없음,소진공,21,,,
2026-07,2026-04,신용보증기금,유망창업기업 Start-up 보증,22000,연 3.11%,보증서대출 이자만 납부 방식,경기,가공식품 유통,개인,11.4,800점대,10억~30억,재창업,없음,없음,,28,,,
2026-08,2026-04,신용보증기금,수출중소기업 특례보증,15500,연 3.7%,보증서대출 이자만 납부 방식,경북,건축자재 도소매,법인,8.9,800점대,30억~50억,없음,없음,없음,지자체 이차보전,37,,,
2026-09,2026-04,기술보증기금,벤처·이노비즈 특례보증,20500,연 2.9%,보증서대출 이자만 납부 방식,서울,소프트웨어 개발,법인,11,700점대,10억~30억,없음,없음,없음,신보,53,,,
2026-10,2026-04,부산신용보증재단,보증부 대출,3500,연 2.84%,"분할상환, 거치 12개월",부산,교육 서비스업,개인,3.2,700점대,1억 미만,없음,없음,있음,,14,,,
2026-01,2026-03,기술보증기금,기보 보증부 대출 (시설/운전),90000,연 2.85%,보증서대출 이자만 납부 방식,경기,섬유·원단 가공 제조업,법인,8.5,800점대,50억원 이상,없음,없음,있음,중진공,42,,,
2026-02,2026-03,기술보증기금,기보 보증부 대출,24500,연 3.18%,보증서대출 이자만 납부 방식,경기,바이오 소재,법인,2.7,800점대,10억~30억,없음,없음,있음,,45,,,
2026-03,2026-03,중소벤처기업진흥공단,혁신창업사업화자금,11500,연 3.31%,거치식 원금균등분할,인천,친환경 패키징 제조,개인,3.2,900점대,5억~10억,없음,없음,있음,,49,,,
E39,2026-03,소상공인시장진흥공단,소공인특화자금,1000,연 4.57%,"거치식 원금균등분할, 납입주기 1개월",경기,카페·베이커리,개인,4.7,600점대,5천만원 미만,없음,없음,있음,재단,29,,,
2026-05,2026-03,기술보증기금,기보 우수R&D 기술보증 대출,23000,연 3.16%,보증서대출 이자만 납부 방식,충남,AI 솔루션,법인,2.4,800점대,50억원 이상,없음,없음,없음,,32,,,
2026-06,2026-03,소상공인시장진흥공단,재도전특별자금(창업),1000,연 4.45%,"거치식 원금균등분할, 납입주기 1개월",서울,교육 서비스업,개인,4.6,600점대,3천만원 미만,재창업,없음,있음,,32,,,
2026-07,2026-03,중소벤처기업진흥공단,투융자복합금융자금,14500,연 3.0%,"거치식 원금균등분할, 납입주기 1개월",서울,로봇 자동화 설비,법인,6.4,800점대,10억~30억,없음,없음,없음,신보,35,,,
2026-08,2026-03,소상공인시장진흥공단,신용취약소상공인자금(소상공인 정책자금 직접대출),2500,연 4.51%,"분할상환, 거치 24개월",전북,교육 서비스업,개인,2.5,800점대,1억~3억원,없음,없음,있음,,45,,,
E61,2026-03,신용보증기금,유망창업기업 Start-up 보증,16500,연 3.7%,보증서대출 이자만 납부 방식,부산,로봇 자동화 설비,개인,7.4,800점대,30억~50억,재창업,없음,있음,,30,,,
2026-10,2026-03,신용보증기금,스케일업 보증부 대출,21000,연 3.84%,보증서대출 이자만 납부 방식,서울,금속 가공업,법인,9.1,800점대,5억~10억,없음,없음,없음,,48,,,
2026-01,2026-02,기술보증기금,기보 보증부 대출,26000,연 2.9%,보증서대출 이자만 납부 방식,인천,친환경 패키징 제조,법인,11.1,700점대,10억~30억,없음,없음,있음,중진공,39,,,
2026-02,2026-02,중소벤처기업진흥공단,혁신창업사업화자금,10500,연 2.96%,거치식 원금균등분할,인천,2차전지 부품제조,법인,2.4,900점대,5억~10억,없음,없음,없음,,61,,,
2026-03,2026-02,중소벤처기업진흥공단,제조 스마트화 설비자금,18000,연 2.69%,거치식 원금균등분할,울산,화장품 제조·수출,법인,8.9,700점대,5억~10억,없음,없음,없음,신보,64,,,
2026-04,2026-02,신용보증기금,신보 보증부 대출 (일반성장),15500,연 3.75%,보증서대출 이자만 납부 방식,충남,로봇 자동화 설비,법인,15,800점대,10억~30억,재창업,없음,없음,지자체 이차보전,38,,,
2026-05,2026-02,중소벤처기업진흥공단,제조 스마트화 설비자금,13000,연 3.48%,"분할상환, 거치 12개월",부산,의료기기 제조업,법인,3.1,800점대,3억~5억,없음,없음,없음,,57,,,
E49,2026-02,신용보증기금,수출중소기업 특례보증,20500,연 3.97%,보증서대출 이자만 납부 방식,인천,물류·운송업,법인,9.7,700점대,50억원 이상,없음,없음,없음,,32,,,
2026-07,2026-02,지역신용보증재단,충남 소상공인 특례보증 대출,3500,연 3.43%,"분할상환, 거치 24개월",충남,온라인 이커머스,개인,6.6,800점대,1억~3억원,재창업,없음,없음,,29,,,
2026-08,2026-02,중소벤처기업진흥공단,투융자복합금융자금,10000,연 2.93%,거치식 원금균등분할,서울,2차전지 부품제조,법인,7.3,700점대,5억~10억,없음,없음,있음,신보,63,,,
2026-09,2026-02,신용보증기금,신보 보증부 대출 (일반성장),15500,연 3.42%,보증서대출 이자만 납부 방식,서울,정밀기계 제조업,개인,8.9,900점대,10억~30억,없음,없음,있음,,47,,,
2026-10,2026-02,중소벤처기업진흥공단,신성장기반자금,11500,연 2.73%,"거치식 원금균등분할, 납입주기 1개월",인천,물류·운송업,개인,3.3,700점대,5억~10억,없음,없음,없음,기보,37,,,
2026-01,2026-01,신용보증기금,유망창업기업 Start-up 보증,24500,연 3.97%,보증서대출 이자만 납부 방식,경기,바이오 소재,개인,13,700점대,50억원 이상,재창업,없음,있음,기보,40,,,
2026-02,2026-01,중소벤처기업진흥공단,투융자복합금융자금,18000,연 2.77%,"거치 24개월, 분할상환",대구,화장품 제조·수출,법인,8,700점대,10억~30억,없음,없음,없음,신보,59,,,
2026-03,2026-01,중소벤처기업진흥공단,투융자복합금융자금,13000,연 3.12%,거치식 원금균등분할,경기,물류·운송업,법인,7.9,900점대,3억~5억,없음,없음,있음,,44,,,
2026-04,2026-01,기술보증기금,기보 보증부 대출,15500,연 2.87%,보증서대출 이자만 납부 방식,대전,친환경 패키징 제조,법인,7.4,700점대,10억~30억,없음,없음,없음,신보,35,,,
2026-05,2026-01,충남신용보증재단,충남 소상공인 특례보증 대출,2000,연 3.2%,"분할상환, 거치 24개월",충남,카페·베이커리,개인,1.7,700점대,1억~3억원,없음,없음,없음,,22,,,
2026-06,2026-01,중소벤처기업진흥공단,제조 스마트화 설비자금,14500,연 3.08%,"분할상환, 거치 12개월",서울,건축자재 도소매,법인,4.3,900점대,3억~5억,없음,없음,없음,,54,,,
2026-07,2026-01,중소벤처기업진흥공단,신성장기반자금,19500,연 3.41%,"거치 24개월, 분할상환",서울,친환경 패키징 제조,법인,2.1,700점대,3억~5억,없음,없음,없음,,38,,,
2026-08,2026-01,소상공인시장진흥공단,재도전특별자금(창업),3500,연 4.15%,"거치식 원금균등분할, 납입주기 1개월",경기,식품 제조·가공업,개인,2.2,800점대,5천만원 미만,없음,없음,있음,,40,,,
E36,2026-01,기술보증기금,기보 보증부 대출,17000,연 3.15%,보증서대출 이자만 납부 방식,경기,의료기기 제조업,법인,3.3,900점대,30억~50억,없음,없음,없음,,42,,,
2026-10,2026-01,소상공인시장진흥공단,소공인특화자금,2000,연 4.62%,거치식 원금균등분할(48개월),부산,전문 음식점업,개인,0.4,700점대,5천만원 미만,재창업,없음,있음,,27,,,
2025-01,2025-12,인천신용보증재단,보증부 대출,3500,연 3.79%,"분할상환, 거치 12개월",인천,교육 서비스업,개인,9.9,800점대,5천만원 미만,없음,없음,있음,소진공,10,,,
2025-02,2025-12,경기신용보증재단,보증부 대출,3500,연 2.58%,"분할상환, 거치 12개월",경기,온라인 이커머스,개인,5.4,600점대,1억~3억원,재창업,없음,없음,,24,,,
2025-03,2025-12,소상공인시장진흥공단,신용취약소상공인자금(소상공인 정책자금 직접대출),4000,연 4.03%,"분할상환, 거치 24개월",경남,전문 음식점업,개인,0.5,700점대,1억~3억원,없음,없음,있음,,42,,,
2025-04,2025-12,기술보증기금,벤처·이노비즈 특례보증,14000,연 2.9%,보증서대출 이자만 납부 방식,전북,AI 솔루션,법인,9.1,800점대,30억~50억,없음,없음,없음,,46,,,
2025-05,2025-12,기술보증기금,기보 우수R&D 기술보증 대출,28500,연 3.32%,보증서대출 이자만 납부 방식,경북,소프트웨어 개발,법인,4.8,800점대,10억~30억,없음,없음,없음,신보,44,,,
2025-06,2025-12,광주신용보증재단,광주 소상공인 특례보증 대출,3500,연 3.93%,"분할상환, 거치 24개월",광주,생활용품 도소매,개인,1,600점대,3천만원 미만,재창업,없음,있음,,14,,,
2025-07,2025-12,중소벤처기업진흥공단,투융자복합금융자금,18500,연 2.85%,"거치 24개월, 분할상환",충북,물류·운송업,법인,4.8,900점대,3억~5억,없음,없음,없음,신보,46,,,
2025-08,2025-12,중소벤처기업진흥공단,신성장기반자금,14000,연 3.35%,"거치식 원금균등분할, 납입주기 1개월",경남,바이오 소재,법인,4.3,800점대,10억~30억,없음,없음,있음,,62,,,
2025-09,2025-12,서울신용보증재단,지자체 소상공인 이차보전 특례보증 상품,5500,연 3.89%,"분할상환, 거치 12개월",서울,뷰티 서비스업,개인,0.6,800점대,1억 미만,재창업,없음,없음,,15,,,
2025-10,2025-12,중소벤처기업진흥공단,제조 스마트화 설비자금,11500,연 3.24%,"거치 24개월, 분할상환",경기,정밀기계 제조업,개인,5.8,800점대,5억~10억,없음,없음,없음,신보,40,,,
2025-01,2025-11,대구신용보증재단,지자체 소상공인 이차보전 특례보증 상품,1500,연 2.73%,"분할상환, 거치 12개월",대구,전문 음식점업,개인,6.8,800점대,1억~3억원,없음,없음,없음,재단,29,,,
2025-02,2025-11,신용보증기금,신보 보증부 대출 (일반성장),17000,연 3.49%,보증서대출 이자만 납부 방식,서울,섬유·의류 제조업,법인,9.7,900점대,30억~50억,없음,없음,있음,,47,,,
2025-03,2025-11,신용보증기금,수출중소기업 특례보증,11500,연 3.79%,보증서대출 이자만 납부 방식,서울,섬유·의류 제조업,법인,2.1,900점대,50억원 이상,없음,없음,있음,,45,,,
2025-04,2025-11,중소벤처기업진흥공단,투융자복합금융자금,18000,연 3.36%,"거치 24개월, 분할상환",부산,정밀기계 제조업,법인,5.1,700점대,5억~10억,없음,없음,없음,,57,,,
2025-05,2025-11,신용보증기금,스케일업 보증부 대출,8000,연 3.97%,보증서대출 이자만 납부 방식,경남,물류·운송업,법인,10,900점대,30억~50억,없음,없음,없음,,35,,,
2025-06,2025-11,중소벤처기업진흥공단,혁신창업사업화자금,15500,연 3.25%,"거치식 원금균등분할, 납입주기 1개월",충북,의료기기 제조업,개인,2.5,900점대,10억~30억,없음,없음,있음,기보,63,,,
2025-07,2025-11,신용보증기금,수출중소기업 특례보증,14000,연 3.19%,보증서대출 이자만 납부 방식,서울,섬유·의류 제조업,개인,9.8,900점대,5억~10억,없음,없음,없음,,46,,,
2025-08,2025-11,중소벤처기업진흥공단,투융자복합금융자금,11500,연 2.94%,"분할상환, 거치 12개월",경기,로봇 자동화 설비,법인,3.7,800점대,10억~30억,없음,없음,있음,신보,51,,,
2025-09,2025-11,중소벤처기업진흥공단,혁신창업사업화자금,17000,연 3.33%,"거치 24개월, 분할상환",부산,2차전지 부품제조,법인,9.8,700점대,10억~30억,없음,없음,없음,,53,,,
2025-10,2025-11,경기신용보증재단,경기 소상공인 특례보증 대출,3500,연 3.41%,"분할상환, 거치 12개월",경기,식품 제조·가공업,개인,1.8,600점대,1억~3억원,없음,없음,없음,,26,,,
2025-01,2025-10,기술보증기금,청년창업 스마트보증,23500,연 3.22%,보증서대출 이자만 납부 방식,부산,AI 솔루션,법인,6.8,800점대,30억~50억,없음,없음,없음,신보,51,,,
2025-02,2025-10,대구신용보증재단,보증부 대출,2000,연 3.34%,"분할상환, 거치 24개월",대구,온라인 이커머스,개인,3.1,700점대,1억 미만,없음,없음,있음,,19,,,
E90,2025-10,지역신용보증재단,지자체 소상공인 이차보전 특례보증 상품,3500,연 3.34%,"분할상환, 거치 12개월",대구,도소매업,개인,8.2,600점대,1억~3억원,없음,없음,없음,,21,,,
2025-04,2025-10,소상공인시장진흥공단,혁신성장촉진자금(운전),2000,연 3.9%,"거치식 원금균등분할, 납입주기 1개월",경기,교육 서비스업,개인,0.9,700점대,3천만원 미만,재창업,없음,없음,재단,38,,,
2025-05,2025-10,기술보증기금,벤처·이노비즈 특례보증,23500,연 2.83%,보증서대출 이자만 납부 방식,부산,바이오 소재,법인,5.1,800점대,50억원 이상,없음,없음,없음,,37,,,
2025-06,2025-10,신용보증기금,스케일업 보증부 대출,13000,연 3.43%,보증서대출 이자만 납부 방식,경기,의료기기 제조업,법인,8,800점대,50억원 이상,재창업,없음,있음,기보,47,,,
2025-07,2025-10,신용보증기금,스케일업 보증부 대출,17000,연 3.6%,보증서대출 이자만 납부 방식,서울,화장품 제조·수출,법인,8.7,700점대,30억~50억,없음,없음,있음,지자체 이차보전,42,,,
E19,2025-10,지역신용보증재단,보증부 대출,3500,연 3.9%,"분할상환, 거치 24개월",인천,온라인 이커머스,개인,0.8,800점대,5천만원 미만,재창업,없음,있음,,17,,,
2025-09,2025-10,소상공인시장진흥공단,혁신성장촉진자금(운전),1500,연 3.57%,거치식 원금균등분할(48개월),경기,생활용품 도소매,개인,3.5,600점대,1억~3억원,없음,없음,있음,,15,,,
2025-10,2025-10,대구신용보증재단,지자체 소상공인 이차보전 특례보증 상품,2000,연 3.66%,"분할상환, 거치 24개월",대구,건설·인테리어,개인,3.2,600점대,5천만원 미만,재창업,없음,없음,,13,,,
2025-01,2025-09,중소벤처기업진흥공단,혁신창업사업화자금,11500,연 2.79%,거치식 원금균등분할,서울,정밀기계 제조업,법인,3.2,800점대,3억~5억,없음,없음,있음,신보,37,,,
E70,2025-09,중소벤처기업진흥공단,혁신창업사업화자금,20500,연 2.54%,"거치식 원금균등분할, 납입주기 1개월",인천,전자기기 제조,법인,3.3,700점대,5억~10억,없음,없음,있음,신보,42,,,
2025-03,2025-09,중소벤처기업진흥공단,투융자복합금융자금,9000,연 2.85%,거치식 원금균등분할,경북,바이오 소재,법인,2.6,900점대,5억~10억,없음,없음,없음,기보,60,,,
2025-04,2025-09,경북신용보증재단,보증부 대출,3000,연 2.57%,"분할상환, 거치 24개월",경북,건설·인테리어,개인,8.9,800점대,1억 미만,없음,없음,없음,재단,18,,,
2025-05,2025-09,중소벤처기업진흥공단,투융자복합금융자금,9000,연 3.37%,"분할상환, 거치 12개월",경기,바이오 소재,개인,8.2,800점대,5억~10억,없음,없음,없음,,45,,,
E64,2025-09,전북신용보증재단,지자체 소상공인 이차보전 특례보증 상품,2000,연 3.59%,"분할상환, 거치 24개월",전북,카페·베이커리,개인,4.5,700점대,1억 미만,재창업,없음,있음,,20,,,
2025-07,2025-09,신용보증기금,스케일업 보증부 대출,12000,연 3.72%,보증서대출 이자만 납부 방식,경기,건축자재 도소매,법인,11.4,800점대,50억원 이상,없음,없음,있음,,49,,,
2025-08,2025-09,신용보증기금,수출중소기업 특례보증,8000,연 3.23%,보증서대출 이자만 납부 방식,강원,의료기기 제조업,법인,7.7,700점대,5억~10억,없음,없음,없음,지자체 이차보전,40,,,
E5,2025-09,중소벤처기업진흥공단,제조 스마트화 설비자금,17000,연 2.94%,"분할상환, 거치 12개월",경남,2차전지 부품제조,법인,5.8,800점대,5억~10억,없음,없음,없음,기보,65,,,
2025-10,2025-09,인천신용보증재단,인천 소상공인 특례보증 대출,3500,연 3.66%,"분할상환, 거치 12개월",인천,생활용품 도소매,개인,2.4,800점대,1억~3억원,없음,없음,있음,소진공,12,,,
2025-01,2025-08,소상공인시장진흥공단,소공인특화자금,3000,연 4.67%,거치식 원금균등분할(48개월),경기,카페·베이커리,개인,2.8,700점대,1억 미만,재창업,없음,있음,,28,,,
2025-02,2025-08,신용보증기금,수출중소기업 특례보증,14000,연 3.81%,보증서대출 이자만 납부 방식,전북,금속 가공업,법인,9.4,800점대,10억~30억,없음,없음,있음,지자체 이차보전,40,,,
E93,2025-08,중소벤처기업진흥공단,제조 스마트화 설비자금,10000,연 2.63%,"거치식 원금균등분할, 납입주기 1개월",대구,바이오 소재,법인,5,900점대,10억~30억,없음,없음,없음,기보,63,,,
2025-04,2025-08,중소벤처기업진흥공단,신성장기반자금,18500,연 3.0%,거치식 원금균등분할,경남,건축자재 도소매,개인,2.1,700점대,5억~10억,없음,없음,있음,기보,45,,,
E29,2025-08,신용보증기금,유망창업기업 Start-up 보증,10000,연 3.33%,보증서대출 이자만 납부 방식,충북,친환경 패키징 제조,법인,5.6,900점대,30억~50억,없음,없음,있음,기보,33,,,
2025-06,2025-08,광주신용보증재단,지자체 소상공인 이차보전 특례보증 상품,1500,연 2.62%,"분할상환, 거치 12개월",광주,뷰티 서비스업,개인,6.6,900점대,3천만원 미만,재창업,없음,없음,,25,,,
2025-07,2025-08,광주신용보증재단,광주 소상공인 특례보증 대출,1500,연 2.74%,"분할상환, 거치 12개월",광주,온라인 이커머스,개인,5,700점대,1억 미만,없음,없음,있음,,20,,,
2025-08,2025-08,소상공인시장진흥공단,소공인특화자금,3000,연 4.4%,거치식 원금균등분할(48개월),경기,카페·베이커리,개인,1.7,700점대,3천만원 미만,없음,없음,없음,재단,23,,,
2025-09,2025-08,신용보증기금,스케일업 보증부 대출,23500,연 3.48%,보증서대출 이자만 납부 방식,전남,로봇 자동화 설비,법인,12.6,900점대,30억~50억,없음,없음,있음,,44,,,
2025-10,2025-08,소상공인시장진흥공단,소공인특화자금,1000,연 5.15%,거치식 원금균등분할(48개월),인천,식품 제조·가공업,개인,2.4,600점대,5천만원 미만,없음,없음,있음,,32,,,
2025-01,2025-07,소상공인시장진흥공단,소공인특화자금,4000,연 3.51%,"거치식 원금균등분할, 납입주기 1개월",대구,카페·베이커리,개인,2.3,700점대,1억 미만,없음,없음,없음,,39,,,
2025-02,2025-07,중소벤처기업진흥공단,투융자복합금융자금,10000,연 2.89%,"분할상환, 거치 12개월",전남,로봇 자동화 설비,법인,3.5,900점대,10억~30억,없음,없음,있음,기보,38,,,
2025-03,2025-07,대구신용보증재단,대구 소상공인 특례보증 대출,3000,연 3.4%,"분할상환, 거치 12개월",대구,온라인 이커머스,개인,5.2,600점대,3천만원 미만,없음,없음,없음,재단,26,,,
2025-04,2025-07,중소벤처기업진흥공단,신성장기반자금,16500,연 2.66%,"분할상환, 거치 12개월",전남,화장품 제조·수출,법인,3.7,800점대,10억~30억,없음,없음,없음,신보,50,,,
2025-05,2025-07,신용보증기금,신보 보증부 대출 (일반성장),18500,연 3.63%,보증서대출 이자만 납부 방식,경기,전자기기 제조,법인,13.3,900점대,5억~10억,재창업,없음,없음,기보,29,,,
2025-06,2025-07,기술보증기금,청년창업 스마트보증,15500,연 3.46%,보증서대출 이자만 납부 방식,경남,의료기기 제조업,개인,14.3,700점대,10억~30억,없음,없음,있음,,40,,,
2025-07,2025-07,중소벤처기업진흥공단,신성장기반자금,20500,연 3.37%,"거치식 원금균등분할, 납입주기 1개월",경기,가공식품 유통,법인,7.4,900점대,3억~5억,없음,없음,없음,,51,,,
2025-08,2025-07,소상공인시장진흥공단,소공인특화자금,3000,연 4.46%,"분할상환, 거치 24개월",서울,뷰티 서비스업,개인,3.1,600점대,5천만원 미만,없음,없음,없음,재단,33,,,
2025-09,2025-07,인천신용보증재단,인천 소상공인 특례보증 대출,4500,연 3.02%,"분할상환, 거치 24개월",인천,뷰티 서비스업,개인,3.1,900점대,1억~3억원,재창업,없음,있음,,11,,,
2025-10,2025-07,대구신용보증재단,대구 소상공인 특례보증 대출,4500,연 2.82%,"분할상환, 거치 24개월",대구,식품 제조·가공업,개인,2.9,800점대,5천만원 미만,없음,없음,있음,소진공,11,,,
2025-01,2025-06,중소벤처기업진흥공단,신성장기반자금,10500,연 2.91%,"거치 24개월, 분할상환",경기,가공식품 유통,법인,7.1,700점대,3억~5억,없음,없음,있음,,55,,,
E61,2025-06,중소벤처기업진흥공단,신성장기반자금,16500,연 2.79%,"분할상환, 거치 12개월",인천,정밀기계 제조업,법인,1.8,900점대,3억~5억,없음,없음,있음,기보,48,,,
2025-03,2025-06,기술보증기금,기보 우수R&D 기술보증 대출,22000,연 3.43%,보증서대출 이자만 납부 방식,서울,반도체 장비 제조,법인,14.5,800점대,10억~30억,없음,없음,있음,신보,48,,,
2025-04,2025-06,소상공인시장진흥공단,혁신성장촉진자금(운전),3500,연 5.23%,"거치식 원금균등분할, 납입주기 1개월",경북,식품 제조·가공업,개인,2.7,600점대,1억~3억원,없음,없음,있음,,35,,,
2025-05,2025-06,중소벤처기업진흥공단,투융자복합금융자금,8000,연 3.24%,거치식 원금균등분할,경기,섬유·의류 제조업,개인,7.1,700점대,3억~5억,없음,없음,없음,,51,,,
2025-06,2025-06,중소벤처기업진흥공단,혁신창업사업화자금,11500,연 2.98%,거치식 원금균등분할,경기,의료기기 제조업,개인,4.5,800점대,5억~10억,없음,없음,없음,신보,53,,,
2025-07,2025-06,기술보증기금,기보 보증부 대출,18000,연 2.85%,보증서대출 이자만 납부 방식,경기,2차전지 부품제조,법인,4.1,900점대,50억원 이상,없음,없음,없음,,50,,,
E38,2025-06,신용보증기금,수출중소기업 특례보증,14000,연 3.96%,보증서대출 이자만 납부 방식,경기,2차전지 부품제조,개인,11.7,900점대,30억~50억,재창업,없음,없음,기보,35,,,
2025-09,2025-06,중소벤처기업진흥공단,혁신창업사업화자금,17000,연 2.58%,"거치식 원금균등분할, 납입주기 1개월",인천,화장품 제조·수출,개인,8.5,900점대,3억~5억,없음,없음,있음,기보,45,,,
2025-10,2025-06,중소벤처기업진흥공단,신성장기반자금,10000,연 3.4%,"거치식 원금균등분할, 납입주기 1개월",서울,로봇 자동화 설비,법인,5.1,900점대,5억~10억,없음,없음,없음,,52,,,
2025-01,2025-05,경기신용보증재단,경기 소상공인 특례보증 대출,1500,연 3.62%,"분할상환, 거치 24개월",경기,카페·베이커리,개인,0.7,800점대,3천만원 미만,없음,없음,있음,,25,,,
2025-02,2025-05,중소벤처기업진흥공단,신성장기반자금,17000,연 3.49%,"거치식 원금균등분할, 납입주기 1개월",경기,전자기기 제조,법인,9.3,800점대,5억~10억,없음,없음,있음,기보,55,,,
2025-03,2025-05,기술보증기금,청년창업 스마트보증,25000,연 2.9%,보증서대출 이자만 납부 방식,경기,의료기기 제조업,법인,11.8,800점대,30억~50억,없음,없음,없음,,37,,,
2025-04,2025-05,신용보증기금,유망창업기업 Start-up 보증,13000,연 3.94%,보증서대출 이자만 납부 방식,경북,바이오 소재,법인,2.4,900점대,50억원 이상,없음,없음,있음,기보,30,,,
2025-05,2025-05,기술보증기금,기보 우수R&D 기술보증 대출,18000,연 3.39%,보증서대출 이자만 납부 방식,부산,전자기기 제조,법인,9,700점대,10억~30억,없음,없음,없음,중진공,53,,,
2025-06,2025-05,중소벤처기업진흥공단,투융자복합금융자금,15500,연 3.38%,거치식 원금균등분할,경기,물류·운송업,법인,4.7,800점대,3억~5억,없음,없음,있음,,52,,,
2025-07,2025-05,소상공인시장진흥공단,소공인특화자금,3000,연 4.72%,"분할상환, 거치 24개월",세종,온라인 이커머스,개인,0.9,700점대,5천만원 미만,없음,없음,있음,재단,33,,,
2025-08,2025-05,기술보증기금,청년창업 스마트보증,13000,연 3.25%,보증서대출 이자만 납부 방식,경기,전자기기 제조,법인,3.7,700점대,30억~50억,없음,없음,있음,신보,50,,,
2025-09,2025-05,중소벤처기업진흥공단,투융자복합금융자금,13000,연 2.55%,"거치 24개월, 분할상환",대전,전자기기 제조,법인,6.4,700점대,3억~5억,없음,없음,있음,,41,,,
2025-10,2025-05,신용보증기금,신보 보증부 대출 (일반성장),13000,연 3.94%,보증서대출 이자만 납부 방식,서울,바이오 소재,개인,15,800점대,10억~30억,없음,없음,없음,기보,45,,,
2025-01,2025-04,신용보증기금,스케일업 보증부 대출,22000,연 3.68%,보증서대출 이자만 납부 방식,경기,섬유·의류 제조업,개인,8.7,800점대,50억원 이상,없음,없음,없음,지자체 이차보전,34,,,
2025-02,2025-04,중소벤처기업진흥공단,신성장기반자금,8000,연 2.76%,거치식 원금균등분할,서울,화장품 제조·수출,법인,4.8,700점대,3억~5억,없음,없음,없음,기보,47,,,
2025-03,2025-04,신용보증기금,유망창업기업 Start-up 보증,14500,연 3.79%,보증서대출 이자만 납부 방식,경남,2차전지 부품제조,법인,10.3,800점대,50억원 이상,없음,없음,없음,기보,32,,,
2025-04,2025-04,중소벤처기업진흥공단,혁신창업사업화자금,10000,연 3.45%,"거치 24개월, 분할상환",경북,물류·운송업,개인,1.1,700점대,10억~30억,없음,없음,있음,,57,,,
2025-05,2025-04,신용보증기금,스케일업 보증부 대출,17000,연 3.15%,보증서대출 이자만 납부 방식,인천,친환경 패키징 제조,법인,10,800점대,50억원 이상,없음,없음,있음,,28,,,
2025-06,2025-04,대전신용보증재단,대전 소상공인 특례보증 대출,5000,연 3.72%,"분할상환, 거치 12개월",대전,온라인 이커머스,개인,8.1,700점대,3천만원 미만,없음,없음,있음,소진공,16,,,
2025-07,2025-04,신용보증기금,유망창업기업 Start-up 보증,14500,연 3.82%,보증서대출 이자만 납부 방식,대전,화장품 제조·수출,법인,7.3,900점대,10억~30억,없음,없음,없음,,48,,,
E84,2025-04,지역신용보증재단,대구 소상공인 특례보증 대출,5000,연 3.21%,"분할상환, 거치 24개월",대구,전문 음식점업,개인,7.1,600점대,1억~3억원,재창업,없음,없음,,26,,,
E30,2025-04,신용보증기금,스케일업 보증부 대출,14500,연 3.14%,보증서대출 이자만 납부 방식,경북,화장품 제조·수출,법인,5.6,900점대,5억~10억,없음,없음,없음,,34,,,
2025-10,2025-04,전북신용보증재단,전북 소상공인 특례보증 대출,3500,연 2.74%,"분할상환, 거치 12개월",전북,건설·인테리어,개인,5.8,900점대,1억 미만,재창업,없음,있음,,26,,,
2025-01,2025-03,신용보증기금,신보 보증부 대출 (일반성장),18500,연 3.31%,보증서대출 이자만 납부 방식,서울,화장품 제조·수출,법인,12,900점대,50억원 이상,없음,없음,있음,지자체 이차보전,42,,,
2025-02,2025-03,신용보증기금,스케일업 보증부 대출,18500,연 3.27%,보증서대출 이자만 납부 방식,경기,의료기기 제조업,법인,3.1,900점대,30억~50억,없음,없음,있음,,36,,,
2025-03,2025-03,부산신용보증재단,지자체 소상공인 이차보전 특례보증 상품,3500,연 3.04%,"분할상환, 거치 24개월",부산,카페·베이커리,개인,0.4,800점대,1억~3억원,재창업,없음,없음,,14,,,
2025-04,2025-03,중소벤처기업진흥공단,제조 스마트화 설비자금,8000,연 2.59%,"거치 24개월, 분할상환",서울,금속 가공업,개인,6.4,800점대,5억~10억,없음,없음,있음,신보,48,,,
2025-05,2025-03,기술보증기금,벤처·이노비즈 특례보증,27000,연 3.22%,보증서대출 이자만 납부 방식,경남,핀테크 플랫폼,법인,3.8,800점대,30억~50억,없음,없음,없음,중진공,32,,,
2025-06,2025-03,신용보증기금,유망창업기업 Start-up 보증,20500,연 3.8%,보증서대출 이자만 납부 방식,경남,건축자재 도소매,개인,5.2,900점대,50억원 이상,없음,없음,없음,,32,,,
2025-07,2025-03,소상공인시장진흥공단,혁신성장촉진자금(운전),3500,연 4.91%,"분할상환, 거치 24개월",인천,도소매업,개인,2.3,700점대,5천만원 미만,없음,없음,없음,재단,44,,,
2025-08,2025-03,소상공인시장진흥공단,혁신성장촉진자금(운전),3500,연 5.19%,"거치식 원금균등분할, 납입주기 1개월",경기,건설·인테리어,개인,1.8,700점대,1억~3억원,없음,없음,있음,재단,25,,,
2025-09,2025-03,중소벤처기업진흥공단,제조 스마트화 설비자금,19500,연 3.3%,거치식 원금균등분할,충남,건축자재 도소매,법인,8.4,800점대,10억~30억,없음,없음,없음,기보,55,,,
2025-10,2025-03,신용보증기금,수출중소기업 특례보증,18500,연 3.81%,보증서대출 이자만 납부 방식,서울,화장품 제조·수출,법인,9.8,900점대,50억원 이상,재창업,없음,있음,지자체 이차보전,50,,,
2025-01,2025-02,중소벤처기업진흥공단,혁신창업사업화자금,14000,연 3.16%,"거치 24개월, 분할상환",경기,바이오 소재,개인,6.5,900점대,10억~30억,없음,없음,없음,신보,65,,,
2025-02,2025-02,기술보증기금,기보 우수R&D 기술보증 대출,18500,연 2.98%,보증서대출 이자만 납부 방식,경기,온라인 B2B 플랫폼,법인,9.5,900점대,10억~30억,없음,없음,없음,신보,42,,,
2025-03,2025-02,경남신용보증재단,보증부 대출,1500,연 3.22%,"분할상환, 거치 24개월",경남,뷰티 서비스업,개인,4.3,600점대,3천만원 미만,없음,없음,있음,,19,,,
2025-04,2025-02,광주신용보증재단,광주 소상공인 특례보증 대출,2000,연 3.16%,"분할상환, 거치 24개월",광주,생활용품 도소매,개인,3.4,800점대,3천만원 미만,없음,없음,있음,,20,,,
2025-05,2025-02,지역신용보증재단,지자체 소상공인 이차보전 특례보증 상품,5000,연 2.76%,"분할상환, 거치 12개월",전북,교육 서비스업,개인,3.5,900점대,1억~3억원,없음,없음,없음,소진공,15,,,
2025-06,2025-02,중소벤처기업진흥공단,혁신창업사업화자금,19500,연 3.09%,거치식 원금균등분할,경기,전자기기 제조,개인,2.9,800점대,10억~30억,없음,없음,있음,,60,,,
2025-07,2025-02,기술보증기금,기보 보증부 대출,17000,연 3.17%,보증서대출 이자만 납부 방식,부산,친환경 패키징 제조,법인,8.4,900점대,30억~50억,없음,없음,없음,,48,,,
2025-08,2025-02,신용보증기금,스케일업 보증부 대출,23500,연 3.26%,보증서대출 이자만 납부 방식,대구,친환경 패키징 제조,법인,5.9,900점대,5억~10억,없음,없음,없음,,35,,,
2025-09,2025-02,기술보증기금,벤처·이노비즈 특례보증,25000,연 3.11%,보증서대출 이자만 납부 방식,서울,AI 솔루션,법인,7,700점대,30억~50억,없음,없음,있음,중진공,45,,,
2025-10,2025-02,기술보증기금,청년창업 스마트보증,27500,연 2.84%,보증서대출 이자만 납부 방식,경기,바이오 소재,법인,8.3,700점대,30억~50억,없음,없음,없음,,51,,,
2025-01,2025-01,충북신용보증재단,보증부 대출,5500,연 2.55%,"분할상환, 거치 12개월",충북,건설·인테리어,개인,3.1,800점대,5천만원 미만,없음,없음,없음,소진공,24,,,
2025-02,2025-01,경기신용보증재단,지자체 소상공인 이차보전 특례보증 상품,5500,연 2.67%,"분할상환, 거치 12개월",경기,식품 제조·가공업,개인,8.3,800점대,3천만원 미만,없음,없음,없음,소진공,23,,,
2025-03,2025-01,충남신용보증재단,충남 소상공인 특례보증 대출,4500,연 2.89%,"분할상환, 거치 12개월",충남,카페·베이커리,개인,4.6,600점대,5천만원 미만,없음,없음,없음,재단,15,,,
2025-04,2025-01,대구신용보증재단,보증부 대출,5000,연 2.92%,"분할상환, 거치 24개월",대구,식품 제조·가공업,개인,1.9,800점대,1억 미만,없음,없음,없음,,14,,,
E53,2025-01,소상공인시장진흥공단,혁신성장촉진자금(운전),1500,연 4.73%,"분할상환, 거치 24개월",전북,교육 서비스업,개인,1.4,800점대,1억 미만,재창업,없음,없음,,23,,,
2025-06,2025-01,신용보증기금,스케일업 보증부 대출,18000,연 3.51%,보증서대출 이자만 납부 방식,경기,친환경 패키징 제조,법인,12,800점대,30억~50억,없음,없음,없음,,38,,,
2025-07,2025-01,소상공인시장진흥공단,신용취약소상공인자금(소상공인 정책자금 직접대출),3500,연 4.61%,"분할상환, 거치 24개월",서울,도소매업,개인,4.3,800점대,1억~3억원,재창업,없음,없음,재단,45,,,
2025-08,2025-01,충북신용보증재단,지자체 소상공인 이차보전 특례보증 상품,5500,연 3.78%,"분할상환, 거치 12개월",충북,도소매업,개인,9,600점대,3천만원 미만,없음,없음,없음,,13,,,
E21,2025-01,중소벤처기업진흥공단,혁신창업사업화자금,13000,연 3.5%,"거치식 원금균등분할, 납입주기 1개월",경기,반도체 장비 제조,법인,3.7,800점대,3억~5억,없음,없음,없음,신보,37,,,
2025-10,2025-01,소상공인시장진흥공단,재도전특별자금(창업),3500,연 4.59%,거치식 원금균등분할(48개월),인천,건설·인테리어,개인,2.3,600점대,3천만원 미만,재창업,없음,있음,,18,,,
2024-01,2024-12,신용보증기금,스케일업 보증부 대출,8000,연 3.11%,보증서대출 이자만 납부 방식,경북,건축자재 도소매,법인,14.8,800점대,10억~30억,재창업,없음,있음,기보,40,,,
2024-02,2024-12,지역신용보증재단,대구 소상공인 특례보증 대출,2500,연 3.07%,"분할상환, 거치 24개월",대구,교육 서비스업,개인,6.5,700점대,3천만원 미만,없음,없음,있음,소진공,24,,,
2024-03,2024-12,신용보증기금,수출중소기업 특례보증,18500,연 3.65%,보증서대출 이자만 납부 방식,경북,2차전지 부품제조,법인,3.1,700점대,10억~30억,없음,없음,없음,지자체 이차보전,41,,,
2024-04,2024-12,기술보증기금,기보 보증부 대출,28500,연 2.87%,보증서대출 이자만 납부 방식,대구,소프트웨어 개발,법인,11.4,800점대,50억원 이상,없음,없음,있음,신보,36,,,
2024-05,2024-12,중소벤처기업진흥공단,제조 스마트화 설비자금,9000,연 3.28%,"분할상환, 거치 12개월",인천,섬유·의류 제조업,법인,5.5,700점대,3억~5억,없음,없음,없음,,51,,,
2024-06,2024-12,기술보증기금,기보 보증부 대출,20500,연 2.91%,보증서대출 이자만 납부 방식,인천,AI 솔루션,법인,9.1,700점대,30억~50억,없음,없음,있음,,48,,,
2024-07,2024-12,신용보증기금,신보 보증부 대출 (일반성장),9000,연 3.95%,보증서대출 이자만 납부 방식,경기,정밀기계 제조업,법인,10.2,900점대,50억원 이상,재창업,없음,없음,,48,,,
2024-08,2024-12,중소벤처기업진흥공단,투융자복합금융자금,15500,연 2.58%,"거치 24개월, 분할상환",경기,의료기기 제조업,법인,2.4,800점대,5억~10억,없음,없음,있음,신보,57,,,
2024-09,2024-12,소상공인시장진흥공단,재도전특별자금(창업),2000,연 3.65%,거치식 원금균등분할(48개월),전남,온라인 이커머스,개인,0.8,800점대,3천만원 미만,없음,없음,있음,,14,,,
2024-10,2024-12,지역신용보증재단,경북 소상공인 특례보증 대출,2500,연 3.06%,"분할상환, 거치 24개월",경북,뷰티 서비스업,개인,7.4,600점대,3천만원 미만,재창업,없음,없음,,26,,,
2024-01,2024-11,전북신용보증재단,보증부 대출,4500,연 3.27%,"분할상환, 거치 24개월",전북,전문 음식점업,개인,5.1,700점대,1억 미만,없음,없음,없음,,28,,,
2024-02,2024-11,기술보증기금,기보 우수R&D 기술보증 대출,13000,연 3.49%,보증서대출 이자만 납부 방식,경기,정밀기계 제조업,법인,8.1,800점대,10억~30억,없음,없음,있음,,47,,,
2024-03,2024-11,충북신용보증재단,보증부 대출,3000,연 3.12%,"분할상환, 거치 24개월",충북,도소매업,개인,2.9,600점대,1억 미만,없음,없음,있음,소진공,17,,,
2024-04,2024-11,소상공인시장진흥공단,소공인특화자금,3500,연 5.02%,거치식 원금균등분할(48개월),서울,뷰티 서비스업,개인,1.8,800점대,1억~3억원,재창업,없음,없음,재단,32,,,
2024-05,2024-11,신용보증기금,수출중소기업 특례보증,19500,연 3.43%,보증서대출 이자만 납부 방식,부산,2차전지 부품제조,법인,12.1,900점대,10억~30억,없음,없음,있음,,28,,,
2024-06,2024-11,신용보증기금,신보 보증부 대출 (일반성장),16500,연 3.1%,보증서대출 이자만 납부 방식,전남,친환경 패키징 제조,법인,11.6,800점대,5억~10억,없음,없음,있음,,43,,,
E19,2024-11,지역신용보증재단,보증부 대출,3500,연 3.19%,"분할상환, 거치 24개월",충남,카페·베이커리,개인,5.9,700점대,1억~3억원,없음,없음,있음,재단,14,,,
2024-08,2024-11,신용보증기금,유망창업기업 Start-up 보증,18000,연 3.73%,보증서대출 이자만 납부 방식,서울,바이오 소재,법인,7.9,700점대,5억~10억,없음,없음,있음,,32,,,
2024-09,2024-11,중소벤처기업진흥공단,투융자복합금융자금,10500,연 3.04%,"거치식 원금균등분할, 납입주기 1개월",충북,섬유·의류 제조업,개인,3.8,800점대,3억~5억,없음,없음,있음,기보,60,,,
2024-10,2024-11,경남신용보증재단,보증부 대출,3500,연 2.72%,"분할상환, 거치 12개월",경남,건설·인테리어,개인,9.7,900점대,3천만원 미만,없음,없음,없음,,15,,,
2024-01,2024-10,중소벤처기업진흥공단,제조 스마트화 설비자금,10500,연 2.96%,거치식 원금균등분할,경기,섬유·의류 제조업,법인,2.1,700점대,3억~5억,없음,없음,있음,기보,61,,,
2024-02,2024-10,충남신용보증재단,보증부 대출,2000,연 2.53%,"분할상환, 거치 24개월",충남,카페·베이커리,개인,2.2,900점대,5천만원 미만,없음,없음,없음,,11,,,
E7,2024-10,기술보증기금,청년창업 스마트보증,22000,연 3.2%,보증서대출 이자만 납부 방식,대구,전자기기 제조,법인,4.2,700점대,10억~30억,없음,없음,없음,신보,44,,,
2024-04,2024-10,기술보증기금,벤처·이노비즈 특례보증,28500,연 3.04%,보증서대출 이자만 납부 방식,경북,전자기기 제조,법인,8.2,700점대,30억~50억,없음,없음,없음,중진공,43,,,
2024-05,2024-10,소상공인시장진흥공단,재도전특별자금(창업),4000,연 4.89%,"분할상환, 거치 24개월",경남,온라인 이커머스,개인,4,700점대,1억~3억원,없음,없음,없음,,38,,,
2024-06,2024-10,기술보증기금,벤처·이노비즈 특례보증,12000,연 3.52%,보증서대출 이자만 납부 방식,서울,친환경 패키징 제조,개인,14.9,900점대,30억~50억,없음,없음,있음,중진공,33,,,
2024-07,2024-10,신용보증기금,신보 보증부 대출 (일반성장),14000,연 3.62%,보증서대출 이자만 납부 방식,강원,전자기기 제조,법인,14.2,700점대,10억~30억,없음,없음,없음,지자체 이차보전,46,,,
2024-08,2024-10,충북신용보증재단,지자체 소상공인 이차보전 특례보증 상품,5500,연 3.92%,"분할상환, 거치 12개월",충북,생활용품 도소매,개인,5.6,700점대,1억~3억원,없음,없음,있음,,17,,,
2024-09,2024-10,기술보증기금,청년창업 스마트보증,12000,연 3.07%,보증서대출 이자만 납부 방식,경기,AI 솔루션,법인,3.7,900점대,10억~30억,없음,없음,없음,,30,,,
2024-10,2024-10,지역신용보증재단,보증부 대출,2000,연 3.06%,"분할상환, 거치 24개월",서울,온라인 이커머스,개인,6,800점대,1억 미만,재창업,없음,있음,소진공,23,,,
2024-01,2024-09,소상공인시장진흥공단,혁신성장촉진자금(운전),4000,연 4.71%,거치식 원금균등분할(48개월),서울,도소매업,개인,1.3,800점대,5천만원 미만,없음,없음,없음,,22,,,
2024-02,2024-09,기술보증기금,청년창업 스마트보증,27000,연 2.83%,보증서대출 이자만 납부 방식,서울,AI 솔루션,법인,12.5,900점대,10억~30억,없음,없음,있음,,34,,,
2024-03,2024-09,기술보증기금,기보 보증부 대출,20500,연 2.93%,보증서대출 이자만 납부 방식,광주,2차전지 부품제조,법인,10.7,900점대,30억~50억,없음,없음,없음,,38,,,
2024-04,2024-09,경남신용보증재단,보증부 대출,1500,연 3.08%,"분할상환, 거치 12개월",경남,온라인 이커머스,개인,9.7,900점대,1억~3억원,재창업,없음,없음,재단,13,,,
2024-05,2024-09,경기신용보증재단,지자체 소상공인 이차보전 특례보증 상품,2500,연 3.18%,"분할상환, 거치 12개월",경기,전문 음식점업,개인,3.2,800점대,1억 미만,없음,없음,있음,,15,,,
2024-06,2024-09,기술보증기금,기보 우수R&D 기술보증 대출,26000,연 3.55%,보증서대출 이자만 납부 방식,경기,2차전지 부품제조,법인,14.8,800점대,50억원 이상,없음,없음,있음,,50,,,
2024-07,2024-09,소상공인시장진흥공단,재도전특별자금(창업),1000,연 4.08%,거치식 원금균등분할(48개월),서울,건설·인테리어,개인,2.2,800점대,1억 미만,없음,없음,없음,재단,20,,,
2024-08,2024-09,중소벤처기업진흥공단,제조 스마트화 설비자금,9000,연 2.86%,거치식 원금균등분할,경기,전자기기 제조,개인,8.4,900점대,10억~30억,없음,없음,없음,기보,38,,,
2024-09,2024-09,기술보증기금,기보 보증부 대출,14000,연 3.18%,보증서대출 이자만 납부 방식,서울,2차전지 부품제조,법인,7.2,800점대,50억원 이상,없음,없음,없음,,50,,,
2024-10,2024-09,기술보증기금,청년창업 스마트보증,21000,연 2.95%,보증서대출 이자만 납부 방식,부산,정밀기계 제조업,법인,8,700점대,30억~50억,없음,없음,있음,중진공,54,,,
2024-01,2024-08,기술보증기금,기보 보증부 대출,26000,연 3.13%,보증서대출 이자만 납부 방식,부산,AI 솔루션,법인,2.8,800점대,50억원 이상,없음,없음,없음,,48,,,
2024-02,2024-08,중소벤처기업진흥공단,혁신창업사업화자금,9000,연 3.0%,"거치식 원금균등분할, 납입주기 1개월",서울,금속 가공업,법인,7.1,900점대,3억~5억,없음,없음,있음,,40,,,
E22,2024-08,소상공인시장진흥공단,재도전특별자금(창업),1000,연 4.24%,거치식 원금균등분할(48개월),인천,온라인 이커머스,개인,1.2,800점대,5천만원 미만,없음,없음,없음,,19,,,
2024-04,2024-08,신용보증기금,유망창업기업 Start-up 보증,14500,연 3.57%,보증서대출 이자만 납부 방식,인천,로봇 자동화 설비,개인,11.1,900점대,50억원 이상,없음,없음,없음,기보,32,,,
2024-05,2024-08,중소벤처기업진흥공단,혁신창업사업화자금,10500,연 3.29%,"거치 24개월, 분할상환",경남,건축자재 도소매,법인,4.1,800점대,5억~10억,없음,없음,없음,,53,,,
2024-06,2024-08,기술보증기금,기보 보증부 대출,22000,연 2.92%,보증서대출 이자만 납부 방식,경기,AI 솔루션,법인,7.2,800점대,30억~50억,없음,없음,있음,,53,,,
2024-07,2024-08,신용보증기금,유망창업기업 Start-up 보증,8000,연 3.4%,보증서대출 이자만 납부 방식,경남,전자기기 제조,법인,5.6,800점대,5억~10억,없음,없음,있음,지자체 이차보전,42,,,
2024-08,2024-08,신용보증기금,스케일업 보증부 대출,23500,연 3.68%,보증서대출 이자만 납부 방식,대전,가공식품 유통,법인,13.9,800점대,50억원 이상,없음,없음,있음,기보,30,,,
2024-09,2024-08,중소벤처기업진흥공단,신성장기반자금,12000,연 2.69%,"거치 24개월, 분할상환",서울,건축자재 도소매,개인,1.5,700점대,5억~10억,없음,없음,있음,신보,57,,,
2024-10,2024-08,신용보증기금,스케일업 보증부 대출,21000,연 3.46%,보증서대출 이자만 납부 방식,전남,화장품 제조·수출,법인,5.1,800점대,50억원 이상,없음,없음,없음,지자체 이차보전,39,,,
2024-01,2024-07,소상공인시장진흥공단,신용취약소상공인자금(소상공인 정책자금 직접대출),1000,연 4.18%,"거치식 원금균등분할, 납입주기 1개월",서울,교육 서비스업,개인,4.3,600점대,5천만원 미만,재창업,없음,있음,,40,,,
2024-02,2024-07,소상공인시장진흥공단,신용취약소상공인자금(소상공인 정책자금 직접대출),1500,연 4.63%,"거치식 원금균등분할, 납입주기 1개월",서울,전문 음식점업,개인,1.3,800점대,1억 미만,없음,없음,없음,,36,,,
2024-03,2024-07,신용보증기금,유망창업기업 Start-up 보증,21000,연 3.84%,보증서대출 이자만 납부 방식,경남,정밀기계 제조업,법인,2.1,900점대,30억~50억,없음,없음,없음,,43,,,
2024-04,2024-07,소상공인시장진흥공단,혁신성장촉진자금(운전),2500,연 4.65%,"거치식 원금균등분할, 납입주기 1개월",경북,뷰티 서비스업,개인,1.1,800점대,5천만원 미만,재창업,없음,없음,,22,,,
2024-05,2024-07,경기신용보증재단,경기 소상공인 특례보증 대출,4000,연 3.08%,"분할상환, 거치 24개월",경기,전문 음식점업,개인,6,700점대,1억 미만,없음,없음,있음,재단,21,,,
2024-06,2024-07,경북신용보증재단,지자체 소상공인 이차보전 특례보증 상품,3500,연 2.65%,"분할상환, 거치 12개월",경북,교육 서비스업,개인,7.5,700점대,1억 미만,없음,없음,있음,소진공,21,,,
2024-07,2024-07,소상공인시장진흥공단,소공인특화자금,3000,연 3.96%,"거치식 원금균등분할, 납입주기 1개월",경기,뷰티 서비스업,개인,2.4,600점대,1억~3억원,재창업,없음,있음,,26,,,
2024-08,2024-07,소상공인시장진흥공단,소공인특화자금,2500,연 4.22%,"분할상환, 거치 24개월",서울,교육 서비스업,개인,0.9,600점대,1억 미만,없음,없음,없음,재단,34,,,
2024-09,2024-07,기술보증기금,기보 우수R&D 기술보증 대출,24500,연 3.07%,보증서대출 이자만 납부 방식,인천,반도체 장비 제조,법인,2.8,800점대,30억~50억,없음,없음,있음,중진공,48,,,
2024-10,2024-07,중소벤처기업진흥공단,혁신창업사업화자금,18500,연 3.13%,거치식 원금균등분할,부산,전자기기 제조,법인,5.3,700점대,3억~5억,없음,없음,있음,신보,65,,,
2024-01,2024-06,신용보증기금,수출중소기업 특례보증,8000,연 3.71%,보증서대출 이자만 납부 방식,경기,친환경 패키징 제조,법인,4.9,800점대,30억~50억,없음,없음,있음,,44,,,
2024-02,2024-06,기술보증기금,기보 우수R&D 기술보증 대출,19500,연 3.56%,보증서대출 이자만 납부 방식,광주,로봇 자동화 설비,법인,9.8,800점대,30억~50억,없음,없음,있음,신보,45,,,
2024-03,2024-06,기술보증기금,청년창업 스마트보증,12000,연 2.98%,보증서대출 이자만 납부 방식,서울,온라인 B2B 플랫폼,법인,4.7,700점대,50억원 이상,없음,없음,있음,,41,,,
2024-04,2024-06,경북신용보증재단,지자체 소상공인 이차보전 특례보증 상품,5000,연 3.43%,"분할상환, 거치 24개월",경북,전문 음식점업,개인,6.7,600점대,3천만원 미만,없음,없음,있음,재단,24,,,
2024-05,2024-06,중소벤처기업진흥공단,제조 스마트화 설비자금,13000,연 3.2%,거치식 원금균등분할,충북,물류·운송업,개인,4.8,700점대,10억~30억,없음,없음,없음,기보,48,,,
2024-06,2024-06,기술보증기금,기보 우수R&D 기술보증 대출,19500,연 2.89%,보증서대출 이자만 납부 방식,부산,2차전지 부품제조,법인,9.9,800점대,50억원 이상,없음,없음,있음,신보,52,,,
2024-07,2024-06,기술보증기금,청년창업 스마트보증,17000,연 3.35%,보증서대출 이자만 납부 방식,강원,로봇 자동화 설비,법인,2,900점대,10억~30억,없음,없음,있음,,34,,,
E66,2024-06,기술보증기금,기보 우수R&D 기술보증 대출,18500,연 3.32%,보증서대출 이자만 납부 방식,서울,로봇 자동화 설비,법인,5.8,800점대,10억~30억,없음,없음,있음,중진공,31,,,
2024-09,2024-06,신용보증기금,유망창업기업 Start-up 보증,18500,연 3.76%,보증서대출 이자만 납부 방식,인천,화장품 제조·수출,법인,13.6,700점대,10억~30억,없음,없음,없음,지자체 이차보전,42,,,
E35,2024-06,소상공인시장진흥공단,신용취약소상공인자금(소상공인 정책자금 직접대출),3000,연 3.82%,"거치식 원금균등분할, 납입주기 1개월",인천,온라인 이커머스,개인,2.1,700점대,1억 미만,없음,없음,없음,,24,,,
2024-01,2024-05,지역신용보증재단,보증부 대출,4000,연 3.87%,"분할상환, 거치 12개월",광주,생활용품 도소매,개인,8.1,900점대,5천만원 미만,없음,없음,없음,,29,,,
2024-02,2024-05,경기신용보증재단,보증부 대출,4500,연 2.67%,"분할상환, 거치 24개월",경기,온라인 이커머스,개인,4.6,600점대,1억 미만,없음,없음,없음,,26,,,
2024-03,2024-05,중소벤처기업진흥공단,신성장기반자금,10500,연 2.93%,"분할상환, 거치 12개월",경기,가공식품 유통,개인,4.1,900점대,10억~30억,없음,없음,없음,기보,61,,,
2024-04,2024-05,소상공인시장진흥공단,신용취약소상공인자금(소상공인 정책자금 직접대출),1500,연 4.38%,거치식 원금균등분할(48개월),서울,생활용품 도소매,개인,4.3,600점대,3천만원 미만,없음,없음,없음,재단,35,,,
E7,2024-05,중소벤처기업진흥공단,제조 스마트화 설비자금,14000,연 2.58%,"거치식 원금균등분할, 납입주기 1개월",경기,로봇 자동화 설비,법인,5,800점대,5억~10억,없음,없음,없음,,50,,,
2024-06,2024-05,기술보증기금,청년창업 스마트보증,23000,연 2.83%,보증서대출 이자만 납부 방식,경기,소프트웨어 개발,개인,3.2,900점대,50억원 이상,없음,없음,없음,중진공,50,,,
2024-07,2024-05,소상공인시장진흥공단,혁신성장촉진자금(운전),2000,연 4.98%,거치식 원금균등분할(48개월),서울,도소매업,개인,2.9,800점대,1억~3억원,없음,없음,없음,,20,,,
2024-08,2024-05,신용보증기금,유망창업기업 Start-up 보증,17000,연 3.85%,보증서대출 이자만 납부 방식,서울,전자기기 제조,개인,8.8,900점대,5억~10억,없음,없음,있음,,32,,,
2024-09,2024-05,대전신용보증재단,대전 소상공인 특례보증 대출,3000,연 2.68%,"분할상환, 거치 12개월",대전,온라인 이커머스,개인,2.4,700점대,1억 미만,없음,없음,없음,,30,,,
2024-10,2024-05,중소벤처기업진흥공단,제조 스마트화 설비자금,11500,연 3.46%,"거치식 원금균등분할, 납입주기 1개월",전북,정밀기계 제조업,법인,1.4,800점대,10억~30억,없음,없음,없음,기보,57,,,
2024-01,2024-04,지역신용보증재단,대전 소상공인 특례보증 대출,5000,연 3.82%,"분할상환, 거치 24개월",대전,온라인 이커머스,개인,9.8,700점대,1억 미만,재창업,없음,없음,,24,,,
2024-02,2024-04,기술보증기금,기보 보증부 대출,26000,연 3.49%,보증서대출 이자만 납부 방식,전북,온라인 B2B 플랫폼,법인,9.2,700점대,10억~30억,없음,없음,있음,신보,51,,,
2024-03,2024-04,충남신용보증재단,지자체 소상공인 이차보전 특례보증 상품,5000,연 3.31%,"분할상환, 거치 12개월",충남,도소매업,개인,7.2,800점대,1억~3억원,없음,없음,없음,,23,,,
2024-04,2024-04,중소벤처기업진흥공단,혁신창업사업화자금,11500,연 2.55%,"거치식 원금균등분할, 납입주기 1개월",경기,정밀기계 제조업,개인,7.8,700점대,5억~10억,없음,없음,없음,기보,61,,,
2024-05,2024-04,부산신용보증재단,지자체 소상공인 이차보전 특례보증 상품,3500,연 3.72%,"분할상환, 거치 12개월",부산,카페·베이커리,개인,6.3,700점대,1억~3억원,없음,없음,없음,,22,,,
2024-06,2024-04,소상공인시장진흥공단,혁신성장촉진자금(운전),1000,연 3.52%,"분할상환, 거치 24개월",서울,뷰티 서비스업,개인,1.2,700점대,5천만원 미만,없음,없음,있음,재단,32,,,
2024-07,2024-04,소상공인시장진흥공단,신용취약소상공인자금(소상공인 정책자금 직접대출),1500,연 4.79%,거치식 원금균등분할(48개월),경기,카페·베이커리,개인,2,700점대,1억 미만,없음,없음,있음,재단,30,,,
2024-08,2024-04,중소벤처기업진흥공단,신성장기반자금,11500,연 3.43%,"거치 24개월, 분할상환",서울,화장품 제조·수출,개인,9.4,900점대,10억~30억,없음,없음,없음,,60,,,
2024-09,2024-04,신용보증기금,유망창업기업 Start-up 보증,21000,연 3.3%,보증서대출 이자만 납부 방식,서울,물류·운송업,법인,12.2,700점대,50억원 이상,재창업,없음,있음,지자체 이차보전,35,,,
2024-10,2024-04,충남신용보증재단,충남 소상공인 특례보증 대출,5500,연 3.3%,"분할상환, 거치 12개월",충남,식품 제조·가공업,개인,8.3,600점대,3천만원 미만,없음,없음,없음,재단,17,,,
E79,2024-03,소상공인시장진흥공단,재도전특별자금(창업),3000,연 4.17%,거치식 원금균등분할(48개월),경북,카페·베이커리,개인,2.1,800점대,1억 미만,재창업,없음,없음,,45,,,
2024-02,2024-03,소상공인시장진흥공단,재도전특별자금(창업),4000,연 3.64%,"거치식 원금균등분할, 납입주기 1개월",경북,카페·베이커리,개인,1,800점대,3천만원 미만,재창업,없음,있음,재단,41,,,
2024-03,2024-03,신용보증기금,스케일업 보증부 대출,24500,연 3.84%,보증서대출 이자만 납부 방식,서울,화장품 제조·수출,법인,4,800점대,30억~50억,없음,없음,있음,,29,,,
2024-04,2024-03,신용보증기금,신보 보증부 대출 (일반성장),23000,연 3.84%,보증서대출 이자만 납부 방식,서울,섬유·의류 제조업,법인,7.9,800점대,50억원 이상,없음,없음,있음,,49,,,
2024-05,2024-03,기술보증기금,기보 우수R&D 기술보증 대출,27000,연 2.84%,보증서대출 이자만 납부 방식,대구,2차전지 부품제조,법인,8.5,800점대,50억원 이상,없음,없음,없음,,39,,,
2024-06,2024-03,중소벤처기업진흥공단,제조 스마트화 설비자금,20500,연 2.66%,"거치 24개월, 분할상환",대구,의료기기 제조업,개인,4.5,900점대,5억~10억,없음,없음,있음,신보,56,,,
2024-07,2024-03,소상공인시장진흥공단,혁신성장촉진자금(운전),4000,연 5.03%,거치식 원금균등분할(48개월),충북,교육 서비스업,개인,0.8,600점대,1억~3억원,재창업,없음,없음,재단,36,,,
2024-08,2024-03,소상공인시장진흥공단,재도전특별자금(창업),1500,연 3.89%,거치식 원금균등분할(48개월),전남,뷰티 서비스업,개인,1.1,600점대,3천만원 미만,없음,없음,있음,,18,,,
2024-09,2024-03,기술보증기금,청년창업 스마트보증,20500,연 3.09%,보증서대출 이자만 납부 방식,인천,핀테크 플랫폼,법인,3.3,900점대,10억~30억,없음,없음,있음,신보,45,,,
2024-10,2024-03,중소벤처기업진흥공단,투융자복합금융자금,17000,연 3.31%,거치식 원금균등분할,인천,전자기기 제조,개인,3.8,700점대,10억~30억,없음,없음,없음,신보,61,,,
2024-01,2024-02,경남신용보증재단,경남 소상공인 특례보증 대출,4500,연 3.04%,"분할상환, 거치 24개월",경남,뷰티 서비스업,개인,5,600점대,5천만원 미만,없음,없음,있음,,14,,,
2024-02,2024-02,기술보증기금,기보 우수R&D 기술보증 대출,14000,연 3.51%,보증서대출 이자만 납부 방식,경남,소프트웨어 개발,법인,12.6,900점대,30억~50억,없음,없음,있음,,47,,,
2024-03,2024-02,소상공인시장진흥공단,소공인특화자금,1500,연 4.14%,"분할상환, 거치 24개월",경북,건설·인테리어,개인,4.5,800점대,1억 미만,재창업,없음,없음,,39,,,
2024-04,2024-02,기술보증기금,벤처·이노비즈 특례보증,27500,연 3.35%,보증서대출 이자만 납부 방식,대구,소프트웨어 개발,법인,4.1,900점대,50억원 이상,없음,없음,있음,,41,,,
2024-05,2024-02,광주신용보증재단,광주 소상공인 특례보증 대출,3000,연 2.56%,"분할상환, 거치 24개월",광주,건설·인테리어,개인,5.3,800점대,1억~3억원,재창업,없음,없음,,11,,,
E42,2024-02,기술보증기금,기보 보증부 대출,18500,연 3.26%,보증서대출 이자만 납부 방식,충북,AI 솔루션,법인,10.5,800점대,50억원 이상,없음,없음,있음,신보,42,,,
E29,2024-02,중소벤처기업진흥공단,투융자복합금융자금,20500,연 3.29%,"분할상환, 거치 12개월",경기,화장품 제조·수출,개인,8.9,800점대,3억~5억,없음,없음,있음,,51,,,
2024-08,2024-02,신용보증기금,수출중소기업 특례보증,12000,연 3.43%,보증서대출 이자만 납부 방식,인천,바이오 소재,법인,10.6,800점대,30억~50억,없음,없음,없음,,43,,,
2024-09,2024-02,기술보증기금,청년창업 스마트보증,12000,연 2.99%,보증서대출 이자만 납부 방식,서울,반도체 장비 제조,법인,4.1,900점대,50억원 이상,없음,없음,있음,중진공,31,,,
2024-10,2024-02,소상공인시장진흥공단,소공인특화자금,1000,연 5.04%,"분할상환, 거치 24개월",경북,뷰티 서비스업,개인,4.7,600점대,1억~3억원,없음,없음,없음,재단,28,,,
2024-01,2024-01,중소벤처기업진흥공단,신성장기반자금,12000,연 3.22%,"분할상환, 거치 12개월",서울,바이오 소재,법인,6.4,700점대,3억~5억,없음,없음,없음,,39,,,
2024-02,2024-01,신용보증기금,스케일업 보증부 대출,11500,연 3.64%,보증서대출 이자만 납부 방식,경기,물류·운송업,법인,10,700점대,5억~10억,없음,없음,없음,기보,47,,,
2024-03,2024-01,기술보증기금,청년창업 스마트보증,25000,연 3.14%,보증서대출 이자만 납부 방식,대전,정밀기계 제조업,법인,7.6,800점대,30억~50억,없음,없음,없음,,43,,,
2024-04,2024-01,중소벤처기업진흥공단,신성장기반자금,15500,연 3.1%,"거치 24개월, 분할상환",충남,금속 가공업,법인,2.7,900점대,10억~30억,없음,없음,있음,,51,,,
2024-05,2024-01,대전신용보증재단,대전 소상공인 특례보증 대출,3500,연 2.66%,"분할상환, 거치 24개월",대전,온라인 이커머스,개인,6.6,800점대,1억 미만,없음,없음,없음,,29,,,
2024-06,2024-01,부산신용보증재단,부산 소상공인 특례보증 대출,2500,연 3.06%,"분할상환, 거치 24개월",부산,식품 제조·가공업,개인,5,800점대,1억 미만,없음,없음,없음,소진공,13,,,
2024-07,2024-01,중소벤처기업진흥공단,신성장기반자금,13000,연 3.01%,"거치 24개월, 분할상환",경기,섬유·의류 제조업,개인,6,900점대,10억~30억,없음,없음,있음,기보,47,,,
E1,2024-01,대전신용보증재단,대전 소상공인 특례보증 대출,2000,연 2.6%,"분할상환, 거치 24개월",대전,건설·인테리어,개인,3.9,600점대,1억~3억원,재창업,없음,없음,,15,,,
2024-09,2024-01,중소벤처기업진흥공단,신성장기반자금,13000,연 2.53%,"분할상환, 거치 12개월",충남,화장품 제조·수출,법인,7.3,900점대,3억~5억,없음,없음,있음,신보,42,,,
2024-10,2024-01,소상공인시장진흥공단,신용취약소상공인자금(소상공인 정책자금 직접대출),3500,연 4.12%,"거치식 원금균등분할, 납입주기 1개월",서울,온라인 이커머스,개인,2.1,600점대,3천만원 미만,재창업,없음,있음,,36,,,
2023-01,2023-12,광주신용보증재단,보증부 대출,4000,연 3.36%,"분할상환, 거치 24개월",광주,뷰티 서비스업,개인,2,600점대,3천만원 미만,없음,없음,없음,,13,,,
2023-02,2023-12,소상공인시장진흥공단,혁신성장촉진자금(운전),3500,연 5.19%,"분할상환, 거치 24개월",서울,생활용품 도소매,개인,3.9,700점대,1억~3억원,없음,없음,있음,,21,,,
2023-03,2023-12,신용보증기금,수출중소기업 특례보증,14000,연 3.82%,보증서대출 이자만 납부 방식,충남,정밀기계 제조업,법인,8.7,700점대,30억~50억,없음,없음,없음,,40,,,
2023-04,2023-12,지역신용보증재단,보증부 대출,3500,연 3.03%,"분할상환, 거치 24개월",광주,뷰티 서비스업,개인,2.1,700점대,1억~3억원,없음,없음,있음,소진공,17,,,
2023-05,2023-12,신용보증기금,수출중소기업 특례보증,14000,연 3.85%,보증서대출 이자만 납부 방식,경기,건축자재 도소매,개인,3.4,700점대,50억원 이상,없음,없음,있음,,39,,,
2023-06,2023-12,중소벤처기업진흥공단,투융자복합금융자금,12000,연 3.48%,"거치식 원금균등분할, 납입주기 1개월",경남,금속 가공업,개인,3,900점대,3억~5억,없음,없음,있음,,50,,,
E5,2023-12,중소벤처기업진흥공단,제조 스마트화 설비자금,19500,연 3.48%,거치식 원금균등분할,경기,가공식품 유통,법인,3.8,700점대,3억~5억,없음,없음,있음,,53,,,
2023-08,2023-12,신용보증기금,유망창업기업 Start-up 보증,12000,연 3.59%,보증서대출 이자만 납부 방식,경기,가공식품 유통,개인,14.5,800점대,30억~50억,없음,없음,없음,,34,,,
2023-09,2023-12,경남신용보증재단,경남 소상공인 특례보증 대출,4500,연 2.77%,"분할상환, 거치 24개월",경남,교육 서비스업,개인,9.8,700점대,3천만원 미만,없음,없음,없음,소진공,27,,,
2023-10,2023-12,신용보증기금,수출중소기업 특례보증,11500,연 3.53%,보증서대출 이자만 납부 방식,서울,금속 가공업,개인,8.5,900점대,30억~50억,재창업,없음,없음,지자체 이차보전,45,,,
2023-01,2023-11,기술보증기금,기보 우수R&D 기술보증 대출,16500,연 2.85%,보증서대출 이자만 납부 방식,경북,친환경 패키징 제조,법인,10.2,800점대,50억원 이상,없음,없음,없음,신보,41,,,
2023-02,2023-11,중소벤처기업진흥공단,투융자복합금융자금,8000,연 2.91%,"분할상환, 거치 12개월",경기,바이오 소재,법인,9.7,700점대,10억~30억,없음,없음,있음,신보,46,,,
2023-03,2023-11,중소벤처기업진흥공단,제조 스마트화 설비자금,18000,연 3.11%,"거치 24개월, 분할상환",경기,로봇 자동화 설비,법인,2.3,700점대,10억~30억,없음,없음,없음,,55,,,
2023-04,2023-11,중소벤처기업진흥공단,혁신창업사업화자금,12000,연 2.84%,"거치 24개월, 분할상환",울산,바이오 소재,개인,3.6,800점대,10억~30억,없음,없음,없음,신보,63,,,
2023-05,2023-11,소상공인시장진흥공단,혁신성장촉진자금(운전),4000,연 5.19%,"분할상환, 거치 24개월",부산,온라인 이커머스,개인,1,600점대,5천만원 미만,재창업,없음,없음,,27,,,
2023-06,2023-11,기술보증기금,기보 우수R&D 기술보증 대출,24500,연 3.24%,보증서대출 이자만 납부 방식,경기,정밀기계 제조업,법인,8.8,700점대,10억~30억,없음,없음,없음,중진공,32,,,
2023-07,2023-11,소상공인시장진흥공단,혁신성장촉진자금(운전),2000,연 4.79%,거치식 원금균등분할(48개월),서울,생활용품 도소매,개인,3.2,600점대,5천만원 미만,재창업,없음,있음,,34,,,
2023-08,2023-11,중소벤처기업진흥공단,투융자복합금융자금,11500,연 3.47%,"거치식 원금균등분할, 납입주기 1개월",서울,가공식품 유통,법인,6.3,800점대,10억~30억,없음,없음,없음,신보,64,,,
2023-09,2023-11,중소벤처기업진흥공단,혁신창업사업화자금,15500,연 2.87%,"거치식 원금균등분할, 납입주기 1개월",부산,친환경 패키징 제조,개인,1.1,900점대,3억~5억,없음,없음,없음,신보,50,,,
2023-10,2023-11,대전신용보증재단,대전 소상공인 특례보증 대출,1500,연 3.65%,"분할상환, 거치 24개월",대전,뷰티 서비스업,개인,6.1,600점대,1억 미만,없음,없음,없음,재단,22,,,
2023-01,2023-10,경북신용보증재단,경북 소상공인 특례보증 대출,3500,연 2.62%,"분할상환, 거치 12개월",경북,건설·인테리어,개인,5.3,800점대,1억 미만,없음,없음,없음,재단,16,,,
2023-02,2023-10,기술보증기금,기보 보증부 대출,14500,연 3.31%,보증서대출 이자만 납부 방식,경기,AI 솔루션,법인,11.1,800점대,10억~30억,없음,없음,없음,,34,,,
2023-03,2023-10,중소벤처기업진흥공단,신성장기반자금,15500,연 2.77%,"거치 24개월, 분할상환",경기,가공식품 유통,법인,1.1,700점대,3억~5억,없음,없음,있음,,41,,,
2023-04,2023-10,신용보증기금,스케일업 보증부 대출,17000,연 3.52%,보증서대출 이자만 납부 방식,서울,전자기기 제조,개인,3,700점대,5억~10억,없음,없음,없음,,45,,,
2023-05,2023-10,기술보증기금,기보 보증부 대출,22000,연 3.46%,보증서대출 이자만 납부 방식,경북,2차전지 부품제조,법인,11.3,800점대,30억~50억,없음,없음,있음,,36,,,
2023-06,2023-10,경기신용보증재단,보증부 대출,4000,연 3.52%,"분할상환, 거치 24개월",경기,뷰티 서비스업,개인,9.4,700점대,3천만원 미만,없음,없음,있음,,25,,,
2023-07,2023-10,기술보증기금,기보 우수R&D 기술보증 대출,17000,연 3.58%,보증서대출 이자만 납부 방식,경기,의료기기 제조업,법인,6.2,700점대,30억~50억,없음,없음,있음,,55,,,
2023-08,2023-10,소상공인시장진흥공단,소공인특화자금,1500,연 4.15%,"분할상환, 거치 24개월",경기,카페·베이커리,개인,1.4,700점대,3천만원 미만,없음,없음,있음,,36,,,
2023-09,2023-10,서울신용보증재단,보증부 대출,3000,연 2.98%,"분할상환, 거치 24개월",서울,식품 제조·가공업,개인,7.9,800점대,1억~3억원,없음,없음,있음,,22,,,
2023-10,2023-10,기술보증기금,기보 우수R&D 기술보증 대출,24500,연 3.37%,보증서대출 이자만 납부 방식,경기,소프트웨어 개발,법인,11.1,700점대,50억원 이상,없음,없음,있음,신보,40,,,
2023-01,2023-09,신용보증기금,수출중소기업 특례보증,10000,연 3.58%,보증서대출 이자만 납부 방식,경기,2차전지 부품제조,개인,5.4,800점대,50억원 이상,없음,없음,없음,기보,28,,,
2023-02,2023-09,신용보증기금,수출중소기업 특례보증,16500,연 3.75%,보증서대출 이자만 납부 방식,경기,친환경 패키징 제조,법인,12.6,700점대,50억원 이상,없음,없음,없음,지자체 이차보전,41,,,
2023-03,2023-09,기술보증기금,기보 우수R&D 기술보증 대출,13000,연 3.47%,보증서대출 이자만 납부 방식,전북,반도체 장비 제조,법인,2.4,700점대,30억~50억,없음,없음,있음,,31,,,
2023-04,2023-09,경기신용보증재단,지자체 소상공인 이차보전 특례보증 상품,1500,연 3.05%,"분할상환, 거치 24개월",경기,카페·베이커리,개인,0.4,700점대,1억~3억원,없음,없음,없음,,21,,,
2023-05,2023-09,소상공인시장진흥공단,소공인특화자금,1000,연 4.94%,"거치식 원금균등분할, 납입주기 1개월",강원,뷰티 서비스업,개인,2.7,800점대,3천만원 미만,없음,없음,있음,재단,20,,,
2023-06,2023-09,신용보증기금,스케일업 보증부 대출,13000,연 3.27%,보증서대출 이자만 납부 방식,부산,친환경 패키징 제조,개인,10.1,700점대,50억원 이상,없음,없음,없음,,50,,,
2023-07,2023-09,소상공인시장진흥공단,재도전특별자금(창업),4000,연 4.2%,거치식 원금균등분할(48개월),인천,도소매업,개인,3.4,800점대,1억~3억원,없음,없음,없음,,37,,,
2023-08,2023-09,중소벤처기업진흥공단,투융자복합금융자금,13000,연 2.88%,거치식 원금균등분할,경남,금속 가공업,법인,3.3,800점대,5억~10억,없음,없음,없음,,58,,,
2023-09,2023-09,신용보증기금,신보 보증부 대출 (일반성장),21000,연 3.22%,보증서대출 이자만 납부 방식,서울,섬유·의류 제조업,개인,14.8,700점대,30억~50억,없음,없음,없음,기보,31,,,
2023-10,2023-09,신용보증기금,수출중소기업 특례보증,14500,연 3.43%,보증서대출 이자만 납부 방식,경기,의료기기 제조업,개인,5.3,800점대,5억~10억,재창업,없음,있음,,38,,,