공고 URL,세부 사업,접수처구분,접수처 표시,원문,확인일
https://www.suwon.go.kr/web/saeallOfr/BD_ofrView.do?notAncmtMgtNo=149003,중소기업육성자금 운전자금(이차보전),은행,은행 — 국민·기업·농협·신한·우리·하나은행(공고 기재),∙ (운전자금) 6개 협약은행 (국민·기업·농협·신한·우리·하나은행 전 지점),2026-10-01
https://www.suwon.go.kr/web/saeallOfr/BD_ofrView.do?notAncmtMgtNo=149003,중소기업육성자금 시설자금(이차보전),은행,은행 — 기업은행(공고 기재),∙ (시설자금) 1개 협약은행 (기업은행 전 지점),2026-10-01
https://www.suwon.go.kr/web/saeallOfr/BD_ofrView.do?notAncmtMgtNo=149008,중소기업 특례보증,재단 지점,경기신용보증재단 팔달·광교지점,○ 신청서 교부 및 접수처 : 경기신용보증재단 팔달•광교지점,2026-10-01
https://www.suwon.go.kr/web/saeallOfr/BD_ofrView.do?notAncmtMgtNo=149371,소상공인 특례보증,재단 지점,경기신용보증재단,○ 접 수 처 : 경기신용보증재단 (☎ 1577-5900),2026-10-01
https://www.suwon.go.kr/web/saeallOfr/BD_ofrView.do?notAncmtMgtNo=149371,특례보증 수수료 지원,재단 지점,별도 신청 없음 — 대출·보증 시 자동 적용,6. 지원기관 : 경기신용보증재단 (☎ 1577-5900) / 5. 지원방법 : 특례보증서 발급 시 초년도 보증수수료 감면,2026-10-01
https://www.hscity.go.kr/www/gosi/BD_selectGosiDetail.do?q_notAncmtSeCode=04&q_notAncmtMgtNo=141428,중소기업 특례보증,재단 지점,경기신용보증재단 (관내 화성·동탄지점),❍ 접수기관: 경기신용보증재단,2026-10-01
https://www.hscity.go.kr/www/gosi/BD_selectGosiDetail.do?q_notAncmtSeCode=04&q_notAncmtMgtNo=141368,콘텐츠기업 특례보증,재단 지점,경기신용보증재단 (관내 화성·동탄지점),❍ 접수기관: 경기신용보증재단,2026-10-01
https://www.hscity.go.kr/www/gosi/BD_selectGosiDetail.do?q_notAncmtSeCode=04&q_notAncmtMgtNo=141781,소상공인 특례보증,재단 지점,경기신용보증재단 화성지점·동탄지점,"□ 신청서 제출 및 문의처 : 경기신용보증재단(☏1577-5900) ○ 화성지점 : 화성시 향남읍 발안로 101, 정메디프라자 4층 ○ 동탄지점 : 화성시 동탄반석로 130, 드림프라자 1001, 1002호",2026-10-01
https://www.hscity.go.kr/www/gosi/BD_selectGosiDetail.do?q_notAncmtSeCode=04&q_notAncmtMgtNo=141781,소상공인 특례보증,온라인,경기신용보증재단 홈페이지·모바일앱 이지원(Easy one),※홈페이지 바로가기 ☞ https://www.gcgf.or.kr/gcgf/index.do 경기신용보증재단 모바일앱 이지원(Easy one),2026-10-01
https://www.hscity.go.kr/www/gosi/BD_selectGosiDetail.do?q_notAncmtSeCode=04&q_notAncmtMgtNo=141781,소상공인 특례보증 수수료 지원,재단 지점,별도 신청 없음 — 대출·보증 시 자동 적용,"☞ 경기신용보증재단에서 보증심사를 통해 보증서를 발급받고 협약은행에서 대출을 실행하면, 별도의 신청 없이 이자지원 및 수수료 지원이 자동으로 적용됨.",2026-10-01
https://www.hscity.go.kr/www/gosi/BD_selectGosiDetail.do?q_notAncmtSeCode=04&q_notAncmtMgtNo=141338,저신용 소상공인 미소금융 이자지원,기타,(사)미소금융 경기화성법인,○ 접수처 및 대출기관 : (사)미소금융 경기화성법인 (☏ 031-267-0581 ~ 2) (주소: 경기도 화성시 경기대로 1038 YJ 금성빌딩 203호),2026-10-01
https://www.yongin.go.kr/user/bbs/BD_selectBbs.do?q_bbsCode=1001&q_bbscttSn=20260209174838332,중소기업 특례보증(사전상담),재단 지점,경기신용보증재단 용인지점,"❍ 신청방법 : ① 사전상담(경기신용보증재단 용인지점) ⇒ ② 온라인 신청(용인기업지원시스템, https://ybs.ypa.or.kr)",2026-10-01
https://www.yongin.go.kr/user/bbs/BD_selectBbs.do?q_bbsCode=1001&q_bbscttSn=20260209174838332,중소기업 특례보증(신청),온라인,용인기업지원시스템(ybs.ypa.or.kr),"❍ 신청방법 : ① 사전상담(경기신용보증재단 용인지점) ⇒ ② 온라인 신청(용인기업지원시스템, https://ybs.ypa.or.kr)",2026-10-01
https://www.yongin.go.kr/user/bbs/BD_selectBbs.do?q_bbsCode=1001&q_bbscttSn=20260209174838332,중소기업 운전자금 이차보전,은행,은행 — 국민·기업·농협·신한·우리·하나·SC제일(공고 기재),"❍ 신청접수 : 융자은행 (방문) 및 용인시 기업지원과 (방문 또는 우편) / ❍ 협약은행 : 7개 은행 (국민, 기업, 농협, 신한, 우리, 하나, SC제일)",2026-10-01
https://www.yongin.go.kr/user/bbs/BD_selectBbs.do?q_bbsCode=1001&q_bbscttSn=20260209174838332,중소기업 운전자금 이차보전,시청·구청,용인시청 기업지원과(방문·우편),"❍ 신청접수 : 융자은행 (방문) 및 용인시 기업지원과 (방문 또는 우편) ※ 기업지원과 신청 시, 은행에서 융자가능 여부를 先 상담 후 신청",2026-10-01
https://www.yongin.go.kr/user/bbs/BD_selectBbs.do?q_bbsCode=1001&q_bbscttSn=20260119092718401,소상공인 특례보증(특례보증료 포함),온라인,경기신용보증재단 사이버보증센터·앱,▪특례보증 신청 ① 인터넷 신청 -재단사이버보증센터 (cyber.gcgf.or.kr) ② 어플 신청 (경기신용보증재단) ③ 전화상담(1577-5900) ④ 용인지점 방문신청,2026-10-01
https://www.yongin.go.kr/user/bbs/BD_selectBbs.do?q_bbsCode=1001&q_bbscttSn=20260119092718401,소상공인 특례보증(특례보증료 포함),재단 지점,경기신용보증재단 용인지점,▪특례보증 신청 ① 인터넷 신청 -재단사이버보증센터 (cyber.gcgf.or.kr) ② 어플 신청 (경기신용보증재단) ③ 전화상담(1577-5900) ④ 용인지점 방문신청,2026-10-01
https://eminwon.goyang.go.kr/emwp/gov/mogaha/ntis/web/ofr/action/OfrAction.do?jndinm=OfrNotAncmtEJB&context=NTIS&method=selectOfrNotAncmt&methodnm=selectOfrNotAncmtRegst&homepage_pbs_yn=Y&subCheck=Y&not_ancmt_mgt_no=143047,중소기업 특례보증,재단 지점,경기신용보증재단 원당역지점(덕양구)·고양지점(일산동·서구),"❍ 접수기관: 경기신용보증재단 원당역지점(덕양구 관할) 고양지점(일산동구, 일산서구 관할)",2026-10-01
https://eminwon.goyang.go.kr/emwp/gov/mogaha/ntis/web/ofr/action/OfrAction.do?jndinm=OfrNotAncmtEJB&context=NTIS&method=selectOfrNotAncmt&methodnm=selectOfrNotAncmtRegst&homepage_pbs_yn=Y&subCheck=Y&not_ancmt_mgt_no=143888,중소기업 운전자금 이차보전,은행,은행 — 국민·기업·신한·하나·우리·농협은행(공고 기재),"6. 접수기관: 국민, 기업, 신한, 하나, 우리, 농협은행 및 중소기업중앙회 전 지점",2026-10-01
https://eminwon.goyang.go.kr/emwp/gov/mogaha/ntis/web/ofr/action/OfrAction.do?jndinm=OfrNotAncmtEJB&context=NTIS&method=selectOfrNotAncmt&methodnm=selectOfrNotAncmtRegst&homepage_pbs_yn=Y&subCheck=Y&not_ancmt_mgt_no=143887,중소기업 동행지원 협약 대출(이자·보증수수료 지원),은행,은행 — IBK기업은행(공고 기재),❍ 상담 및 접수기관 : IBK기업은행(전국 모든 지점 가능),2026-10-01
https://www.seongnam.go.kr/pm010305/144497,중소기업육성자금 이차보전,은행,은행 — 농협·신한·우리·하나·기업·국민(공고 기재),"❍ 신청접수: 6개 협약은행 ※ 대출가능여부 은행에서 사전상담 후 접수 / ❍ 융자은행: 6개 협약은행(농협, 신한, 우리, 하나, 기업, 국민)",2026-10-01
https://www.seongnam.go.kr/pm010305/144498,중소기업 특례보증,재단 지점,경기신용보증재단 성남지점,❍ 접수방법: 경기신용보증재단 성남지점 방문접수,2026-10-01
https://www.seongnam.go.kr/pm010305/144735,소상공인 특례보증,재단 지점,경기신용보증재단 성남지점,"나. 접 수 처: 경기신용보증재단(분당구 분당로 53번길 3, 농협은행분당금융센터 3층) | 다. 신청방법: 구비서류 지참 경기신용보증재단 제출",2026-10-01
https://www.bucheon.go.kr/site/program/gosi/view?menuid=148002003001&ancmt_mgt_no=104811,중소기업육성자금(이차보전),시청·구청,부천시 기업지원과(방문접수),"- 접수방법 : 방문접수 ※ 은행 대리 접수 불가 / - 접수처 : 기업지원과 ·주소 : 부천시 원미구 평천로 655, 401동 1505호 (약대동, 부천테크노파크4단지)",2026-10-01
https://www.bucheon.go.kr/site/program/gosi/view?menuid=148002003001&ancmt_mgt_no=101029,중소기업특례보증,재단 지점,경기신용보증재단 부천지점,"〇 신청서 접수 - 경기신용보증재단 부천지점(부천시 원미구 소향로 217, 4층)",2026-10-01
https://www.bucheon.go.kr/site/program/gosi/view?menuid=148002003001&ancmt_mgt_no=101031,부천형 특례보증(육성자금 지원신청 동시 접수),재단 지점,경기신용보증재단 부천지점,"〇 신청서 접수 - 경기신용보증재단 부천지점(부천시 원미구 소향로 217, 4층) ※ 특례보증 신청 시 부천시 중소기업육성자금 지원신청 동시 접수",2026-10-01
https://www.bucheon.go.kr/site/program/gosi/view?menuid=148002003001&ancmt_mgt_no=101246,소상공인 특례보증,재단 지점,경기신용보증재단 부천지점,"바. 특례보증 신청 및 접수 - 접 수 처 : 경기신용보증재단 부천지점 ․ 연락처 : ☎1577-5900 ․ 주 소 : 부천시 원미구 소향로 217, 4층",2026-10-01
https://www.bucheon.go.kr/site/program/gosi/view?menuid=148002003001&ancmt_mgt_no=101246,소상공인 이차보전,기타,공고 원문 확인(접수처 기재 확인 불가),접수처 기재 없음,2026-10-01
https://www.ansan.go.kr/www/common/bbs/selectBbsDetail.do?key=271&bbs_code=WWW13&bbs_seq=1660342,중소기업육성자금(이자차액보전),은행,은행 — KB국민·IBK기업·NH농협·아이엠뱅크·신한·우리·하나(공고 기재),"9. 접수처 및 융자취급은행 : 협약 금융기관(7개 기관) • KB국민, IBK기업, NH농협, 아이엠뱅크, 신한, 우리, 하나 ※ 수도권 내 지점에 한함",2026-10-01
https://www.ansan.go.kr/www/common/bbs/selectBbsDetail.do?key=271&bbs_code=WWW13&bbs_seq=1660335,소상공인 특례보증,재단 지점,경기신용보증재단 안산지점,나. 접 수 처 : 경기신용보증재단 안산지점,2026-10-01
https://www.ansan.go.kr/www/common/bbs/selectBbsDetail.do?key=271&bbs_code=WWW13&bbs_seq=1684042,소상공인 특례보증(추가),재단 지점,경기신용보증재단 안산지점,나. 접 수 처 : 경기신용보증재단 안산지점,2026-10-01
https://www.nyj.go.kr/www/selectEminwonWebView.do?sa1Join=01;02;04;05&key=2492&pk=84504,중소기업육성자금(운전·이자차액보전),시청·구청,남양주시청 지역경제과(방문·전자메일),- 접수방법 : 방문 / 전자메일 (tjdeo2286@korea.kr) - 방문주소 : 남양주시 경춘로 1037(남양주시청 제1청사) 별관 4층 지역경제과,2026-10-01
https://www.nyj.go.kr/www/selectEminwonWebView.do?sa1Join=01;02;04;05&key=2492&pk=84959,"중소기업육성자금 추가(운전·시설, 이자차액보전)",시청·구청,남양주시청 지역경제과(방문·전자메일),- 접수방법: 방문 / 전자메일 (tjdeo2286@korea.kr) - 방문주소: 남양주시 경춘로 1037(남양주시청 제1청사) 별관 4층 지역경제과,2026-10-01
https://www.nyj.go.kr/www/selectEminwonWebView.do?sa1Join=01;02;04;05&key=2492&pk=86679,"중동정세 대응 육성자금 긴급(운전, 이자차액보전)",시청·구청,남양주시청 지역경제과(방문·전자메일),- 접수방법 : 방문 / 전자메일 (yeonh32@korea.kr) - 방문주소 : 남양주시 경춘로 1037(남양주시청 제1청사) 별관 4층 지역경제과,2026-10-01
https://www.nyj.go.kr/www/selectEminwonWebView.do?sa1Join=01;02;04;05&key=2492&pk=88751,"하반기 중소기업육성자금(운전·시설, 이자차액보전)",시청·구청,남양주시청 지역경제과 기업지원팀(방문·전자메일),- 접 수 처: 남양주시청 지역경제과 기업지원팀 ☏ 031-590-2738 - 접수방법: 방문 / 전자메일 (sjnoh@korea.kr),2026-10-01
https://www.nyj.go.kr/www/selectEminwonWebView.do?sa1Join=01;02;04;05&key=2492&pk=84727,중소기업특례보증,재단 지점,경기신용보증재단 남양주지점,접 수 처 : 경기신용보증재단 (☏ 031-559-8160),2026-10-01
https://www.nyj.go.kr/www/selectEminwonWebView.do?sa1Join=01;02;04;05&key=2492&pk=84824,소상공인 특례보증·이차보전,재단 지점,경기신용보증재단 남양주지점,"❍ 접 수 처: 경기신용보증재단 남양주지점[☎ 1577-5900](남양주시 경춘로 1350번길 35,리치플러스빌딩 5층)",2026-10-01
https://www.nyj.go.kr/www/selectEminwonWebView.do?sa1Join=01;02;04;05&key=2492&pk=84824,소상공인 특례보증·이차보전,온라인,경기신용보증재단 Easy One 모바일 앱(비대면),※ Easy One 모바일 어플을 이용한 비대면 접수도 가능,2026-10-01
https://www.anyang.go.kr/main/emwsWebView.do?key=4104&regiNo=29942,중소기업육성자금(이자차액보전),은행,은행 — 국민·기업·농협·산업·신한·우리·하나(공고 기재),□ (신청방법) 협약은행 방문 신청 ※동행지원 : IBK기업은행 전지점 이용 가능 / □ (협약은행) 안양시에 소재한 국민·기업·농협·산업·신한·우리·하나은행,2026-10-01
https://www.anyang.go.kr/main/emwsWebView.do?key=4104&regiNo=29544,중소기업 특례보증,재단 지점,경기신용보증재단 안양지점,나. 접 수 처 : 경기신용보증재단 안양지점,2026-10-01
https://www.anyang.go.kr/main/emwsWebView.do?key=4104&regiNo=28669,소상공인 육성 특례보증,기타,공고 원문 확인(접수처 기재 확인 불가),접수처 기재 없음,2026-10-01
https://www.anyang.go.kr/main/emwsWebView.do?key=4104&regiNo=29545,청년창업 특례보증,기타,공고 원문 확인(접수처 기재 확인 불가),접수처 기재 없음,2026-10-01
https://www.anyang.go.kr/main/emwsWebView.do?key=4104&regiNo=28682,소상공인 이자차액 보전금,기타,공고 원문 확인(접수처 기재 확인 불가),"5. 대출취급 금융기관 : 관내 새마을금고 및 신협(새안양신협, 미래신협)",2026-10-01
https://www.pyeongtaek.go.kr/pyeongtaek/saeol/gosi/view.do?notAncmtMgtNo=122284&mid=0401020100,청년창업 특례보증,재단 지점,경기신용보증재단 평택지점,"2. 접 수 처 : 경기신용보증재단 평택지점(특례보증) NH농협,국민,하나,신한은행(특례보증 이차보전)",2026-10-01
https://www.pyeongtaek.go.kr/pyeongtaek/saeol/gosi/view.do?notAncmtMgtNo=122284&mid=0401020100,청년창업 특례보증 이차보전,은행,은행 — NH농협·국민·하나·신한(공고 기재),"2. 접 수 처 : 경기신용보증재단 평택지점(특례보증) NH농협,국민,하나,신한은행(특례보증 이차보전)",2026-10-01
https://www.siheung.go.kr/main/saeol/gosi/view.do?notAncmtMgtNo=81905&mId=0401040100,전체(운전·특별·재해자금),재단 지점,경기신용보증재단,"□ 접 수 처 ： 경기신용보증재단 및 시 협약 7개 은행 (기업, 신한, 국민, 농협, 우리, 하나, 대구)",2026-10-01
https://www.siheung.go.kr/main/saeol/gosi/view.do?notAncmtMgtNo=81905&mId=0401040100,전체(운전·특별·재해자금),은행,은행 — IBK기업은행·신한은행·KB국민은행·NH농협은행·우리은행·하나은행·아이엠뱅크(대구)(공고 기재),"□ 접 수 처 ： 경기신용보증재단 및 시 협약 7개 은행 (기업, 신한, 국민, 농협, 우리, 하나, 대구)",2026-10-01
https://www.siheung.go.kr/main/saeol/gosi/view.do?notAncmtMgtNo=81909&mId=0401040100,특례보증,재단 지점,경기신용보증재단 시흥지점,경기신용보증재단 시흥지점(434-8797)에 보증서 발급 가능 여부를 확인하신 후 경기신용보증재단에 신청하시기 바랍니다. / □ 접 수 처 : 경기신용보증재단,2026-10-01
https://www.siheung.go.kr/main/saeol/gosi/view.do?notAncmtMgtNo=82127&mId=0401040100,특례보증(이차보전 포함),재단 지점,경기신용보증재단 시흥지점,나. 접 수 처 : 경기신용보증재단 시흥지점[☎ 1577-5900] (시흥시 산기대학로 237 시흥비즈니스센터 12층),2026-10-01
https://www.siheung.go.kr/main/saeol/gosi/view.do?notAncmtMgtNo=82128&mId=0401040100,특례보증 추천서,시청·구청,시흥시 소상공인과,○ 추 천 서 : 시흥시 소상공인과[☎ 031-310-2609],2026-10-01
https://www.siheung.go.kr/main/saeol/gosi/view.do?notAncmtMgtNo=82128&mId=0401040100,특례보증(이차보전 포함),재단 지점,경기신용보증재단 시흥지점,○ 보증신청 : 경기신용보증재단 시흥지점[☎ 1577-5900] (시흥시 산기대학로 237 시흥비즈니스센터 12층),2026-10-01
https://www.paju.go.kr/user/board/BD_board.view.do?bbsCd=1022&seq=20260109090758875,이차보전(운전자금),은행,은행 — KB국민은행·IBK기업은행·NH농협은행·신한은행·우리은행·하나은행(공고 기재),"❍ 접수기관 : 6개 은행 (국민, 기업, 농협, 신한, 우리, 하나)",2026-10-01
https://www.paju.go.kr/user/board/BD_board.view.do?bbsCd=1022&seq=20260119101158902,특례보증(이차보전 포함),온라인,경기신용보증재단 Easy One 앱,○ 상담 및 신청: 재단 앱(Easy One)을 통한 모바일 보증신청 또는 예약 방문 상담,2026-10-01
https://www.paju.go.kr/user/board/BD_board.view.do?bbsCd=1022&seq=20260119101158902,특례보증(이차보전 포함),재단 지점,경기신용보증재단 파주지점,"○ 상담 및 신청: 재단 앱(Easy One)을 통한 모바일 보증신청 또는 예약 방문 상담 / ○ 문 의 처: 경기신용보증재단 파주지점(☎1577-5900) (경기도 파주시 문화로 98, NH농협은행 파주시지부 3층)",2026-10-01
https://www.gimpo.go.kr/portal/ntfcPblancView.do?key=1004&ntcn_no=73493,전체(운전·시설자금),은행,은행 — NH농협은행 김포시지부(공고 기재),○ 접수기관: NH농협은행 김포시지부(은행 영업시간 내 현장접수) - 위 치: 경기도 김포시 사우중로 31,2026-10-01
https://www.gimpo.go.kr/portal/ntfcPblancView.do?key=1004&ntcn_no=72565,특례보증,재단 지점,경기신용보증재단 김포지점,○ 접수기관 : 경기신용보증재단 김포지점 ※ 신청 전 재단 담당자 사전 문의,2026-10-01
https://www.gimpo.go.kr/portal/ntfcPblancView.do?key=1004&ntcn_no=72540,특례보증,재단 지점,경기신용보증재단 김포지점,○ 접수기관 : 경기신용보증재단 김포지점 ※ 신청 전 재단 담당자 사전 문의,2026-10-01
https://www.gimpo.go.kr/portal/ntfcPblancView.do?key=1004&ntcn_no=72500,특례보증,재단 지점,경기신용보증재단 김포지점,○ 신청접수 : 경기신용보증재단 김포지점(031-997-1278),2026-10-01
https://www.gimpo.go.kr/portal/ntfcPblancView.do?key=1004&ntcn_no=73069,이자차액 지원(운전자금),재단 지점,경기신용보증재단 김포지점,ㅇ 접수기관 : 경기신용보증재단 김포지점 (☎1577-5900),2026-10-01
https://www.cheongju.go.kr/www/selectEminwonNoticeView.do?key=281&notAncmtMgtNo=150007,전체(경영안정·특별경영안정·지식산업센터 분양입주자금),시청·구청,청주시청 기업지원과,"나. 접수 및 문의 : 청주시청 기업지원과(기업지원팀, ☎ 043-201-1424) (주소) 우 28527/청주시 상당구 상당로69번길 38(임시청사 별관1층) / 다. 접수방법 : 방문 및 우편",2026-10-01
https://www.cheongju.go.kr/www/selectEminwonNoticeView.do?key=281&notAncmtMgtNo=150057,특례보증(이차보전 포함),온라인,충북신용보증재단 보증드림 앱·웹(untact.koreg.or.kr)·금융회사 앱,❍ 신청방법 : 충북신용보증재단 ‘보증드림 앱’을 통한 비대면 신청 등 | ① ‘보증드림 앱’ 다운로드 → 보증신청 | ② 웹 브라우저(https://untact.koreg.or.kr) 접속 → 보증신청 | ③ 비대면 보증 신청이 가능한 금융회사 앱을 통해 신청,2026-10-01
https://www.cheongju.go.kr/www/selectEminwonNoticeView.do?key=281&notAncmtMgtNo=150057,특례보증(이차보전 포함),재단 지점,충북신용보증재단 보증지원부·동청주지점,"④ 충북신용보증재단 홈페이지(www.cbsinbo.or.kr) 접속 후 상담예약 신청 / 5. 문의 및 접수처 : 충북신용보증재단 | 보증지원부(관할 : 서원구, 흥덕구) ☎ 043-249-5700 | 동청주지점(관할 : 상당구, 청원구) ☎ 043-279-7950",2026-10-01
https://www.cheongju.go.kr/www/selectEminwonNoticeView.do?key=281&notAncmtMgtNo=149606,대출이자 지원(미소금융),기타,미소금융 충북청주법인,"5. 문의 및 접수처 : 미소금융 충북청주법인 (☎043-225-0014, 0027, 0029)",2026-10-01
https://www.gangseo.seoul.kr/gs040101/317569,전체(융자) - 2.9~2.27,시청·구청,강서구청 지하 1층,- 2026. 02. 09.(월) ~ 02. 27.(금): 강서구청 지하 1층,2026-10-01
https://www.gangseo.seoul.kr/gs040101/317569,전체(융자) - 3.3~3.13,기타,관내 거점별 현장 접수처,- 2026. 03. 03.(화) ~ 03. 13.(금): 관내 거점별 현장 접수처 ※ 별도 안내 예정,2026-10-01
https://www.gangseo.seoul.kr/gs040101/317569,전체(융자) - 3.16~,은행,은행 — 우리은행 강서구청지점(공고 기재),- 2026. 03. 16.(월) ~ : 우리은행 강서구청지점,2026-10-01
https://www.gangseo.seoul.kr/gs040101/317571,특별신용보증 - 2.9~2.27,시청·구청,강서구청 지하 1층,- 2026. 02. 09.(월) ~ 02. 27.(금): 강서구청 지하 1층,2026-10-01
https://www.gangseo.seoul.kr/gs040101/317571,특별신용보증 - 3.3~3.13,기타,"관내 거점별 현장 접수처(찾아가는 원스톱 금융클리닉, 동 주민센터)",- 2026. 03. 03.(화) ~ 03. 13.(금): 관내 거점별 현장 접수처 ※ 별도 안내 예정 / 찾아가는 원스톱 금융클리닉 2026. 3. 3.(화) 화곡8동 주민센터 3층 창작공방실 …,2026-10-01
https://www.gangseo.seoul.kr/gs040101/317571,특별신용보증 - 3.3(본문)/3.16(공고문)~,재단 지점,서울신용보증재단 강서종합지원센터,- 2026. 03. 16.(월) ~ : 서울신용보증재단 강서종합지원센터,2026-10-01
https://www.jeonju.go.kr/planweb/board/view.9is?dataUid=a7ff7171e62e4b18baf72587eb36d47f&contentUid=ff8080818990c349018b041a879f395a&boardUid=9be517a7914528ce01930aa3ddc26cf0,전체(이차보전 융자신청),시청·구청,전주시 기업지원사무소(방문/우편/E-mail),"○ 접수방법 : 방문/우편/E-mail 접수 - 주  소 : 덕진구 팔과정로 164, 전북특별자치도경제통상진흥원 본관3층 전주시 기업지원사무소",2026-10-01
https://www.jeonju.go.kr/planweb/board/view.9is?dataUid=8ed018ab021e42208d38bf5817fe9c1b&contentUid=ff8080818990c349018b041a879f395a&boardUid=9be517a7914528ce01930aa3ddc26cf0,전체(이차보전 융자신청),시청·구청,전주시청 기업지원과(방문/E-mail),"○ 접수방법 : 방문/E-mail 접수 - 주  소 : 완산구 노송광장로 29, 전주시청 별관 12층 기업지원과",2026-10-01
https://www.changwon.go.kr/cwportal/10310/10438/10439.web?amode=view&not_ancmt_mgt_no=201943&section=gosi,전체(이차보전),은행,은행 — BNK경남·KB국민·IBK기업·NH농협·iM뱅크·BNK부산·신한·우리·KEB하나은행(공고 기재),"신청접수기관 : 융자취급금융기관 9개소(우리 시와 협약 체결한 은행) 경상남도 내 BNK경남, KB국민, IBK기업, NH농협, iM뱅크(舊 대구), BNK부산, 신한, 우리, KEB하나은행",2026-10-01
https://www.changwon.go.kr/cwportal/10310/10438/10439.web?amode=view&not_ancmt_mgt_no=211423&section=gosi,특례보증(개인·법인사업자),온라인,보증드림앱(경남신용보증재단 비대면),➊ 개인사업자 또는 법인사업자 : 비대면 신청(모바일 신청) → 보증드림앱 접속하여 “보증신청하러 가기” 선택 → “창원시소상공인 육성자금” 선택,2026-10-01
https://www.changwon.go.kr/cwportal/10310/10438/10439.web?amode=view&not_ancmt_mgt_no=211423&section=gosi,특례보증(공동사업자·만55세 이상 디지털 취약),재단 지점,경남신용보증재단 창원·진해·마산지점,➋ 공동사업자 : 경남신용보증재단 내방하여 대면 상담 / 만 55세 이상인 소상공인 중 디지털 이용에 어려움이 있는 소상공인은 신분증을 지참하여 자금 소진 시까지 재단 지점을 방문하여 대면 신청 가능,2026-10-01
https://www.gimhae.go.kr/06613.web?amode=view&idx=2576262&gcode=2008,경영안정자금·시설자금,온라인,김해시중소기업육성자금 인터넷 신청(gimhae.go.kr/bizmoney),❍ 취급 금융기관의 대출가능여부 확인 후 인터넷 신청 - 김해시중소기업육성자금(https://gimhae.go.kr/bizmoney),2026-10-01
https://www.gimhae.go.kr/06613.web?amode=view&idx=2576262&gcode=2008,기술창업자금,기타,기술보증기금 김해·창원·부산지점(방문),"❍ 접수방법 : 방문 접수 ❍ 접 수 처 : 기술보증기금 김해지점, 창원지점, 부산지점",2026-10-01
https://www.gimhae.go.kr/06613.web?amode=view&idx=2588976&gcode=2008,경영안정자금·시설자금,온라인,김해시중소기업육성자금 인터넷 신청(gimhae.go.kr/bizmoney),❍ 취급 금융기관의 대출가능여부 확인 후 인터넷 신청 - 김해시중소기업육성자금(https://gimhae.go.kr/bizmoney),2026-10-01
https://www.gimhae.go.kr/06613.web?amode=view&idx=2588976&gcode=2008,기술창업자금,기타,기술보증기금 김해·창원·부산지점(방문),"❍ 접수방법 : 방문 접수 ❍ 접 수 처 : 기술보증기금 김해지점, 창원지점, 부산지점",2026-10-01
https://www.gimhae.go.kr/03360/00023/00029.web?amode=view&not_ancmt_mgt_no=109947&section=01,담보·신용대출 이차보전(상생임대인·청년·다둥이 포함),시청·구청,김해시청 민생경제과(방문/온라인/등기우편),"신청서 및 제출서류를 구비하여 김해시청 민생경제과에 제출 ( 방문 또는 온라인* , 등기우편 접수 )",2026-10-01
https://www.gimhae.go.kr/03360/00023/00029.web?amode=view&not_ancmt_mgt_no=109947&section=01,보증대출(개인·법인사업자),온라인,보증드림앱(경남신용보증재단 비대면),[개인사업자 및 법인사업자] : 비대면 보증 신청 : ② “보증신청하러 가기” 선택 → ③ 본인 인증 (휴대폰 인증) → ④ “상품 선택 후 보증신청” 선택 → ⑤ “김해시 소상공인 육성자금” 선택 후 신청,2026-10-01
https://www.gimhae.go.kr/03360/00023/00029.web?amode=view&not_ancmt_mgt_no=109947&section=01,보증대출(공동사업자·만55세 이상 디지털 취약),재단 지점,경남신용보증재단 김해지점,"[공동사업자] : 재단 내방상담 예약 / 만 55세 이상인 소상공인 중 디지털 이용에 어려움이 있는 소상공인은 신분증을 지참하여 자금 소진시까지 재단 지점을 방문하여 대면 신청 가능 / □ 신용보증기관 : 경남신용보증재단 김해지점(☎ 338-2390, Fax 338-2396)",2026-10-01
https://www.pohang.go.kr/portal/saeol/gosi/view.do?notAncmtMgtNo=69563&mid=0202010000,전체(운전자금 이차보전),온라인,경상북도 중소기업 육성자금 지펀드(gfund.kr),◦ 접 수 처 : 온라인(*지펀드) ※ [별첨2] 지펀드 신청 방법 참조 - 인터넷 주소 : www.gfund.kr (경상북도 중소기업 육성자금),2026-10-01
https://www.pohang.go.kr/portal/saeol/gosi/view.do?notAncmtMgtNo=70297&mid=0202010000,전체(시설자금 이차보전),시청·구청,포항시청 투자기업지원과 기업지원팀(우편),"❍ 접수방법 : 사전 협의 후 신청서 우편 제출 - (주소) 경북 포항시 남구 시청로1, 포항시청 투자기업지원과 기업지원팀",2026-10-01
https://www.pohang.go.kr/portal/saeol/gosi/view.do?notAncmtMgtNo=70373&mid=0202010000,특례보증(방문),재단 지점,경북신용보증재단 포항지점(상담예약 후 방문),5. 신 청 처 : 경북신용보증재단 포항지점 ❍ 상담예약 후 방문접수 - 홈페이지(https://gbsinbo.co.kr/)→재단방문보증신청→방문상담예약,2026-10-01
https://www.pohang.go.kr/portal/saeol/gosi/view.do?notAncmtMgtNo=70373&mid=0202010000,특례보증(비대면),온라인,보증드림 앱 또는 각 금융기관 앱,❍ 비대면신청(신용보증재단 ‘보증드림’ 어플 또는 각 금융기관 어플),2026-10-01
