도시ID,도시명,짧은이름,시도,재단ID,지점 축약,담당 문장,담당 질문,종류,이름,표시 이름,관할,주소,전화,한도,금리,접수기간,근거 문장,출처 URL,근거 URL,확인일,사이트 공개
suwon,수원시,수원,경기,jaedan-gyeonggi,팔달·광교지점,,,jaedan-branch,경기신용보증재단 수원팔달지점,,수원시 팔달구·권선구,"경기도 수원시 팔달구 매산로 135, 201호·202호(교동,LH청년나래가 교동1)",1577-5900,,,,○ 신청서 교부 및 접수처 : 경기신용보증재단 팔달•광교지점,https://www.gcgf.or.kr/gcgf/bg/gd/brnchGd.do?mi=1344,https://www.suwon.go.kr/web/saeallOfr/BD_ofrView.do?notAncmtMgtNo=149008,2026-09-30,Y
suwon,수원시,수원,경기,jaedan-gyeonggi,팔달·광교지점,,,jaedan-branch,경기신용보증재단 수원광교지점,,수원시 영통구·장안구,"경기도 수원시 영통구 도청로 52, 2층(이의동,경기신용보증재단 본점)",1577-5900,,,,○ 신청서 교부 및 접수처 : 경기신용보증재단 팔달•광교지점,https://www.gcgf.or.kr/gcgf/bg/gd/brnchGd.do?mi=1344,https://www.suwon.go.kr/web/saeallOfr/BD_ofrView.do?notAncmtMgtNo=149008,2026-09-30,Y
suwon,수원시,수원,경기,jaedan-gyeonggi,팔달·광교지점,,,semas-center,소상공인시장진흥공단 수원센터,,수원시,"경기 수원시 영통구 반달로 87, 경기지방중소기업청 1층",031-244-5161,,,,,https://www.semas.or.kr/web/ORG01/ORG0111/ORG011102.kmdc,https://www.semas.or.kr/web/ORG01/ORG0111/ORG011102Ajax.kmdc?code=A409&subCode=061GA0,2026-09-30,Y
suwon,수원시,수원,경기,jaedan-gyeonggi,팔달·광교지점,,,city-fund,2026년 수원시 중소기업육성자금 융자지원,,,,,업체당 최대 7억원 이내,이자차액 보전 1.5~3.0%,공고일(2026-01-14) ~ 2026.12.31.(자금 소진 시까지),,https://www.suwon.go.kr/web/saeallOfr/BD_ofrView.do?notAncmtMgtNo=149003,,2026-10-01,Y
suwon,수원시,수원,경기,jaedan-gyeonggi,팔달·광교지점,,,city-fund,2026년도 수원시 중소기업 특례보증,,,,,업체당 3억원 이내(보증기간 5년 이내),,공고일(2026-01-14) ~ 2026.12.31.(자금 소진 시까지),,https://www.suwon.go.kr/web/saeallOfr/BD_ofrView.do?notAncmtMgtNo=149008,,2026-10-01,Y
suwon,수원시,수원,경기,jaedan-gyeonggi,팔달·광교지점,,,city-fund,2026년 수원시 소상공인 특례보증,,,,,업체당 최대 5천만원,대출금리: 특례보증 추천 금융기관 금리,2026.1. ~ 12.(예산 소진 시 종료),,https://www.suwon.go.kr/web/saeallOfr/BD_ofrView.do?notAncmtMgtNo=149371,,2026-10-01,Y
suwon,수원시,수원,경기,jaedan-gyeonggi,팔달·광교지점,,,city-fund,2026년 수원시 소상공인 특례보증 수수료 지원,,,,,업체당 최대 50만원,보증금액의 연 1%(초년도 1회) 보증수수료 지원,2026.1. ~ 12.(예산 소진 시 종료),,https://www.suwon.go.kr/web/saeallOfr/BD_ofrView.do?notAncmtMgtNo=149371,,2026-10-01,Y
hwaseong,화성시,화성,경기,jaedan-gyeonggi,화성·동탄지점,,,jaedan-branch,경기신용보증재단 화성지점,,만세구·효행구,"경기도 화성시 만세구 향남읍 발안로 101, 4층(행정리, 농협정메디프라자)",1577-5900,,,,"□ 신청서 제출 및 문의처 : 경기신용보증재단(☏1577-5900) / ○ 화성지점 : 화성시 향남읍 발안로 101, 정메디프라자 4층",https://www.gcgf.or.kr/gcgf/bg/gd/brnchGd.do?mi=1344,https://www.hscity.go.kr/www/gosi/BD_selectGosiDetail.do?q_notAncmtSeCode=04&q_notAncmtMgtNo=141781,2026-09-30,Y
hwaseong,화성시,화성,경기,jaedan-gyeonggi,화성·동탄지점,,,jaedan-branch,경기신용보증재단 동탄지점,,동탄구·병점구,"경기도 화성시 동탄구 동탄반석로 130, 1001호·1002호(반송동, 드림프라자)",1577-5900,,,,"□ 신청서 제출 및 문의처 : 경기신용보증재단(☏1577-5900) / ○ 화성지점 : 화성시 향남읍 발안로 101, 정메디프라자 4층",https://www.gcgf.or.kr/gcgf/bg/gd/brnchGd.do?mi=1344,https://www.hscity.go.kr/www/gosi/BD_selectGosiDetail.do?q_notAncmtSeCode=04&q_notAncmtMgtNo=141781,2026-09-30,Y
hwaseong,화성시,화성,경기,jaedan-gyeonggi,화성·동탄지점,,,semas-center,소상공인시장진흥공단 화성센터,,화성시·오산시,"경기 화성시 병점1로 218, 씨네샤르망 B동 303호",031-8015-5301,,,,,https://www.semas.or.kr/web/ORG01/ORG0111/ORG011102.kmdc,https://www.semas.or.kr/web/ORG01/ORG0111/ORG011102Ajax.kmdc?code=A409&subCode=062GA1,2026-09-30,Y
hwaseong,화성시,화성,경기,jaedan-gyeonggi,화성·동탄지점,,,city-fund,2026년 화성시 중소기업 특례보증,,,,,기업당 최대 3억원 이내(최장 5년),,연중(자금 소진 시까지),,https://www.hscity.go.kr/www/gosi/BD_selectGosiDetail.do?q_notAncmtSeCode=04&q_notAncmtMgtNo=141428,,2026-10-01,Y
hwaseong,화성시,화성,경기,jaedan-gyeonggi,화성·동탄지점,,,city-fund,2026년 화성시 콘텐츠기업 특례보증,,,,,콘텐츠기업당 최대 5억원 이내(최장 5년),,연중(자금 소진 시까지),,https://www.hscity.go.kr/www/gosi/BD_selectGosiDetail.do?q_notAncmtSeCode=04&q_notAncmtMgtNo=141368,,2026-10-01,Y
hwaseong,화성시,화성,경기,jaedan-gyeonggi,화성·동탄지점,,,city-fund,2026년 화성시 소상공인 자금지원사업 - 소상공인 특례보증,,,,,업체당 5천만원 이내(보증기간 5년),,2026.1.~자금 소진 시까지,,https://www.hscity.go.kr/www/gosi/BD_selectGosiDetail.do?q_notAncmtSeCode=04&q_notAncmtMgtNo=141781,,2026-10-01,Y
hwaseong,화성시,화성,경기,jaedan-gyeonggi,화성·동탄지점,,,city-fund,2026년 화성시 소상공인 자금지원사업 - 이자차액보전,,,,,대출 한도액 5천만원 범위 내,"대출금리 중 연 2%, 5년 지원",2026.1.~자금 소진 시까지,,https://www.hscity.go.kr/www/gosi/BD_selectGosiDetail.do?q_notAncmtSeCode=04&q_notAncmtMgtNo=141781,,2026-10-01,Y
hwaseong,화성시,화성,경기,jaedan-gyeonggi,화성·동탄지점,,,city-fund,2026년 화성시 소상공인 자금지원사업 - 특례보증 수수료 지원,,,,,,보증 수수료(1%) 최초 1회 지원,2026.1.~자금 소진 시까지,,https://www.hscity.go.kr/www/gosi/BD_selectGosiDetail.do?q_notAncmtSeCode=04&q_notAncmtMgtNo=141781,,2026-10-01,Y
hwaseong,화성시,화성,경기,jaedan-gyeonggi,화성·동탄지점,,,city-fund,2026년 화성시 저신용 소상공인 미소금융 이자지원사업,,,,,(미소금융 대출) 최대 2천만원 / 긴급생계 최대 1천만원,대출이자 3.5% 지원(3.5% 미만 시 전액),2026.1.1.~2026.12.31.(예산 소진 시까지),,https://www.hscity.go.kr/www/gosi/BD_selectGosiDetail.do?q_notAncmtSeCode=04&q_notAncmtMgtNo=141338,,2026-10-01,Y
yongin,용인시,용인,경기,jaedan-gyeonggi,용인지점,,,jaedan-branch,경기신용보증재단 용인지점,,용인시,"경기도 용인시 기흥구 동백중앙로 283, A동 8층 (중동, 골드프라자)",1577-5900,,,,"❍ 신청방법 : ① 사전상담(경기신용보증재단 용인지점) ⇒ ② 온라인 신청(용인기업지원시스템, https://ybs.ypa.or.kr)",https://www.gcgf.or.kr/gcgf/bg/gd/brnchGd.do?mi=1344,https://www.yongin.go.kr/user/bbs/BD_selectBbs.do?q_bbsCode=1001&q_bbscttSn=20260209174838332,2026-09-30,Y
yongin,용인시,용인,경기,jaedan-gyeonggi,용인지점,,,semas-center,소상공인시장진흥공단 용인센터,,용인시,"경기 용인시 처인구 금령로 116, 용인타워 303호",031-337-1830,,,,,https://www.semas.or.kr/web/ORG01/ORG0111/ORG011102.kmdc,https://www.semas.or.kr/web/ORG01/ORG0111/ORG011102Ajax.kmdc?code=A409&subCode=A324,2026-09-30,Y
yongin,용인시,용인,경기,jaedan-gyeonggi,용인지점,,,city-fund,2026년 용인시 중소기업 특례보증,,,,,기업당 최대 3억원(보증기간 5년 이내),,연중(자금 소진 시까지),,https://www.yongin.go.kr/user/bbs/BD_selectBbs.do?q_bbsCode=1001&q_bbscttSn=20260209174838332,,2026-10-01,Y
yongin,용인시,용인,경기,jaedan-gyeonggi,용인지점,,,city-fund,2026년 용인시 중소기업 운전자금 이차보전금 지원,,,,,기업당 최대 3억원,"대출이자 2% 지원(여성기업·용인시 우수기업 2.5%, 재해기업·중동수출피해기업 3%)",연중(자금 소진 시까지),,https://www.yongin.go.kr/user/bbs/BD_selectBbs.do?q_bbsCode=1001&q_bbscttSn=20260209174838332,,2026-10-01,Y
yongin,용인시,용인,경기,jaedan-gyeonggi,용인지점,,,city-fund,2026 용인시 소상공인 프리미엄 대출서비스(특례보증·특례보증료·이차보전),,,,,최대 5천만원(기보증 포함),"대출이자 1년간 3% 지원, 특례보증료 1% 지원(최대 1년치)",2026년 1월 ~ 자금 소진 시까지,,https://www.yongin.go.kr/user/bbs/BD_selectBbs.do?q_bbsCode=1001&q_bbscttSn=20260119092718401,,2026-10-01,Y
goyang,고양시,고양,경기,jaedan-gyeonggi,고양·원당역지점,,,jaedan-branch,경기신용보증재단 고양지점,,고양시 일산동구·일산서구,"경기도 고양시 일산서구 강성로 275, 7층(대화동, MG타워)",1577-5900,,,,"❍ 접수기관: 경기신용보증재단 원당역지점(덕양구 관할) 고양지점(일산동구, 일산서구 관할)",https://www.gcgf.or.kr/gcgf/bg/gd/brnchGd.do?mi=1344,https://eminwon.goyang.go.kr/emwp/gov/mogaha/ntis/web/ofr/action/OfrAction.do?jndinm=OfrNotAncmtEJB&context=NTIS&method=selectOfrNotAncmt&methodnm=selectOfrNotAncmtRegst&homepage_pbs_yn=Y&subCheck=Y&not_ancmt_mgt_no=143047,2026-09-30,Y
goyang,고양시,고양,경기,jaedan-gyeonggi,고양·원당역지점,,,jaedan-branch,경기신용보증재단 원당역지점,,고양시 덕양구,"경기도 고양시 덕양구 고양대로 1415, C동 7층 707호(성사동, 고양창조혁신캠퍼스)",1577-5900,,,,"❍ 접수기관: 경기신용보증재단 원당역지점(덕양구 관할) 고양지점(일산동구, 일산서구 관할)",https://www.gcgf.or.kr/gcgf/bg/gd/brnchGd.do?mi=1344,https://eminwon.goyang.go.kr/emwp/gov/mogaha/ntis/web/ofr/action/OfrAction.do?jndinm=OfrNotAncmtEJB&context=NTIS&method=selectOfrNotAncmt&methodnm=selectOfrNotAncmtRegst&homepage_pbs_yn=Y&subCheck=Y&not_ancmt_mgt_no=143047,2026-09-30,Y
goyang,고양시,고양,경기,jaedan-gyeonggi,고양·원당역지점,,,semas-center,소상공인시장진흥공단 고양센터,,고양시·파주시,경기 고양시 일산동구 장백로 204보림빌딩 604호,031-925-4266,,,,,https://www.semas.or.kr/web/ORG01/ORG0111/ORG011102.kmdc,https://www.semas.or.kr/web/ORG01/ORG0111/ORG011102Ajax.kmdc?code=A623&subCode=062GF0,2026-09-30,Y
goyang,고양시,고양,경기,jaedan-gyeonggi,고양·원당역지점,,,city-fund,2026년 고양시 중소기업 특례보증,,,,,기업당 최대 3억 원 이내,,연중(특례한도 소진 시까지),,https://eminwon.goyang.go.kr/emwp/gov/mogaha/ntis/web/ofr/action/OfrAction.do?jndinm=OfrNotAncmtEJB&context=NTIS&method=selectOfrNotAncmt&methodnm=selectOfrNotAncmtRegst&homepage_pbs_yn=Y&subCheck=Y&not_ancmt_mgt_no=143047,,2026-10-01,Y
goyang,고양시,고양,경기,jaedan-gyeonggi,고양·원당역지점,,,city-fund,2026년 고양시 중소기업 운전자금 이차보전 지원사업,,,,,최대 3억 원 이내,대출금리 일부 연 1~2.5% 지원,연중 수시(자금 소진 시까지),,https://eminwon.goyang.go.kr/emwp/gov/mogaha/ntis/web/ofr/action/OfrAction.do?jndinm=OfrNotAncmtEJB&context=NTIS&method=selectOfrNotAncmt&methodnm=selectOfrNotAncmtRegst&homepage_pbs_yn=Y&subCheck=Y&not_ancmt_mgt_no=143888,,2026-10-01,Y
goyang,고양시,고양,경기,jaedan-gyeonggi,고양·원당역지점,,,city-fund,2026년 고양시 중소기업 동행지원 협약 대출 지원사업,,,,,업체당 최대 3억 원 이내,"이자차액보전 기본 2.0%(요건 충족 시 0.5% 추가), 보증료 최대 연 1.2% 지원",공고일(2026-03-01)부터 연중 수시(자금 소진 시까지),,https://eminwon.goyang.go.kr/emwp/gov/mogaha/ntis/web/ofr/action/OfrAction.do?jndinm=OfrNotAncmtEJB&context=NTIS&method=selectOfrNotAncmt&methodnm=selectOfrNotAncmtRegst&homepage_pbs_yn=Y&subCheck=Y&not_ancmt_mgt_no=143887,,2026-10-01,Y
seongnam,성남시,성남,경기,jaedan-gyeonggi,성남지점,,,jaedan-branch,경기신용보증재단 성남지점,,성남시,"경기도 성남시 분당구 분당로53번길 3, 3층(서현동, 농협은행 분당금융센터 건물)",1577-5900,,,,❍ 접수방법: 경기신용보증재단 성남지점 방문접수,https://www.gcgf.or.kr/gcgf/bg/gd/brnchGd.do?mi=1344,https://www.seongnam.go.kr/pm010305/144498,2026-09-30,Y
seongnam,성남시,성남,경기,jaedan-gyeonggi,성남지점,,,semas-center,소상공인시장진흥공단 성남센터,,성남시,"경기 성남시 분당구 황새울로 346, 우리은행 분당중앙금융센터 4층",031-705-7341,,,,,https://www.semas.or.kr/web/ORG01/ORG0111/ORG011102.kmdc,https://www.semas.or.kr/web/ORG01/ORG0111/ORG011102Ajax.kmdc?code=A409&subCode=062GC0,2026-09-30,Y
seongnam,성남시,성남,경기,jaedan-gyeonggi,성남지점,,,city-fund,2026년 성남시 중소기업육성자금 이차보전금 지원,,,,,업체당 최고 5억원 이내,"이자 일부 지원: 일반기업 2.3%, 우대기업 2.5%, 재난피해 확인기업 3%",2026.1. ~ 12.(예산 소진시까지),,https://www.seongnam.go.kr/pm010305/144497,,2026-10-01,Y
seongnam,성남시,성남,경기,jaedan-gyeonggi,성남지점,,,city-fund,2026년 성남시 중소기업 특례보증,,,,,업체별 3억원 이내(3년 이내),,수시(자금소진 시까지),,https://www.seongnam.go.kr/pm010305/144498,,2026-10-01,Y
seongnam,성남시,성남,경기,jaedan-gyeonggi,성남지점,,,city-fund,2026년 성남시 소상공인 특례보증,,,,,1개 업체당 50백만원 이내,,연중(자금 소진시까지),,https://www.seongnam.go.kr/pm010305/144735,,2026-10-01,Y
bucheon,부천시,부천,경기,jaedan-gyeonggi,부천지점,,,jaedan-branch,경기신용보증재단 부천지점,,부천시,"경기도 부천시 원미구 소향로 217, 4층(중동, NH농협은행 부천시지부건물)",1577-5900,,,,"〇 신청서 접수 - 경기신용보증재단 부천지점(부천시 원미구 소향로 217, 4층)",https://www.gcgf.or.kr/gcgf/bg/gd/brnchGd.do?mi=1344,https://www.bucheon.go.kr/site/program/gosi/view?menuid=148002003001&ancmt_mgt_no=101029,2026-09-30,Y
bucheon,부천시,부천,경기,jaedan-gyeonggi,부천지점,,,semas-center,소상공인시장진흥공단 부천센터,,부천시,경기 부천시 길주로 433네스필러타워 2층,032-655-0381,,,,,https://www.semas.or.kr/web/ORG01/ORG0111/ORG011102.kmdc,https://www.semas.or.kr/web/ORG01/ORG0111/ORG011102Ajax.kmdc?code=A623&subCode=062GE0,2026-09-30,Y
bucheon,부천시,부천,경기,jaedan-gyeonggi,부천지점,,,city-fund,2026년 하반기 부천시 중소기업육성자금,,,,,기업당 10억원 이내(운전·시설자금 각 5억원),이차보전율 0.5%p~3.0%p,2026.7.1.(수) 09:00 ~ 자금소진 시까지,,https://www.bucheon.go.kr/site/program/gosi/view?menuid=148002003001&ancmt_mgt_no=104811,,2026-10-01,Y
bucheon,부천시,부천,경기,jaedan-gyeonggi,부천지점,,,city-fund,2026년 부천시 중소기업특례보증,,,,,3억 원 이내(보증기간 5년 이내),,2026.1.2. ~ 12.31.(자금소진 시까지),,https://www.bucheon.go.kr/site/program/gosi/view?menuid=148002003001&ancmt_mgt_no=101029,,2026-10-01,Y
bucheon,부천시,부천,경기,jaedan-gyeonggi,부천지점,,,city-fund,2026년 부천형 특례보증,,,,,1억 원 이내(보증기간 5년 이내),,2026.1.2. ~ 12.31.(자금소진 시까지),,https://www.bucheon.go.kr/site/program/gosi/view?menuid=148002003001&ancmt_mgt_no=101031,,2026-10-01,Y
bucheon,부천시,부천,경기,jaedan-gyeonggi,부천지점,,,city-fund,2026년 소상공인 특례보증 지원,,,,,"사업자별 최대 5,000만원(기존 보증금액 포함)",,상반기 2026.1.12. ~ 자금소진시까지 / 하반기 2026.7.1. ~ 자금소진시까지(예정),,https://www.bucheon.go.kr/site/program/gosi/view?menuid=148002003001&ancmt_mgt_no=101246,,2026-10-01,Y
bucheon,부천시,부천,경기,jaedan-gyeonggi,부천지점,,,city-fund,2026년 소상공인 이차보전 지원,,,,,,특례보증 연계 대출이자 연 2% 1년간 지원,,,https://www.bucheon.go.kr/site/program/gosi/view?menuid=148002003001&ancmt_mgt_no=101246,,2026-10-01,Y
ansan,안산시,안산,경기,jaedan-gyeonggi,안산지점,,,jaedan-branch,경기신용보증재단 안산지점,,안산시,"경기도 안산시 단원구 당곡로 17, 3층(고잔동, 신한은행 건물)",1577-5900,,,,나. 접 수 처 : 경기신용보증재단 안산지점,https://www.gcgf.or.kr/gcgf/bg/gd/brnchGd.do?mi=1344,https://www.ansan.go.kr/www/common/bbs/selectBbsDetail.do?key=271&bbs_code=WWW13&bbs_seq=1660335,2026-09-30,Y
ansan,안산시,안산,경기,jaedan-gyeonggi,안산지점,,,semas-center,소상공인시장진흥공단 안산센터,,안산시,"경기 안산시 단원구 중앙대로 815, 안산우체국 1층",031-482-2590,,,,,https://www.semas.or.kr/web/ORG01/ORG0111/ORG011102.kmdc,https://www.semas.or.kr/web/ORG01/ORG0111/ORG011102Ajax.kmdc?code=A409&subCode=062GG1,2026-09-30,Y
ansan,안산시,안산,경기,jaedan-gyeonggi,안산지점,,,city-fund,2026년 안산시 중소기업육성자금 융자지원,,,,,"업체별 5억원 이내(전년도 매출액 이내), 창업기업 5천만원, 사회적기업·협동조합 2천만원",은행별 기준금리 / 시 이자차액 1.5~1.8% 보전,"은행 접수 2026.1.16.~2.27., 시 접수 2026.2.9.~융자지원금 소진 시",,https://www.ansan.go.kr/www/common/bbs/selectBbsDetail.do?key=271&bbs_code=WWW13&bbs_seq=1660342,,2026-10-01,Y
ansan,안산시,안산,경기,jaedan-gyeonggi,안산지점,,,city-fund,2026년도 안산시 소상공인 특례보증 지원 계획,,,,,1개 업체당 50백만원 이내,,2026.1.~자금 소진 시까지,,https://www.ansan.go.kr/www/common/bbs/selectBbsDetail.do?key=271&bbs_code=WWW13&bbs_seq=1660335,,2026-10-01,Y
ansan,안산시,안산,경기,jaedan-gyeonggi,안산지점,,,city-fund,2026년도 안산시 소상공인 특례보증 추가 지원 계획,,,,,1개 업체당 최대 50백만원 이내,,2026.10.1.~자금 소진 시까지,,https://www.ansan.go.kr/www/common/bbs/selectBbsDetail.do?key=271&bbs_code=WWW13&bbs_seq=1684042,,2026-10-01,Y
namyangju,남양주시,남양주,경기,jaedan-gyeonggi,남양주지점,,,jaedan-branch,경기신용보증재단 남양주지점,,남양주시·가평군,"경기도 남양주시 경춘로 508-10, 3층(다산동, 영린빌딩)",1577-5900,,,,- 보증기관: 경기신용보증재단 남양주지점(남양주 전 지역),https://www.gcgf.or.kr/gcgf/bg/gd/brnchGd.do?mi=1344,https://www.nyj.go.kr/www/selectEminwonWebView.do?sa1Join=01;02;04;05&key=2492&pk=84824,2026-09-30,Y
namyangju,남양주시,남양주,경기,jaedan-gyeonggi,남양주지점,,,semas-center,소상공인시장진흥공단 구리센터,,구리시·남양주시·가평군,경기 구리시 건원대로44 태영빌딩 502호,031-554-5361,,,,,https://www.semas.or.kr/web/ORG01/ORG0111/ORG011102.kmdc,https://www.semas.or.kr/web/ORG01/ORG0111/ORG011102Ajax.kmdc?code=A623&subCode=A423,2026-09-30,Y
namyangju,남양주시,남양주,경기,jaedan-gyeonggi,남양주지점,,,city-fund,2026년 상반기 남양주시 중소기업육성자금(운전자금),,,,,운전자금 5억원 이내(연매출액별 5천만원~5억원),"매출액별 이차보전 1.3~2.3%, 청년기업 인증기업 0.5% 추가",2026.1.9.~2026.1.16. 18:00,,https://www.nyj.go.kr/www/selectEminwonWebView.do?sa1Join=01;02;04;05&key=2492&pk=84504,,2026-10-01,Y
namyangju,남양주시,남양주,경기,jaedan-gyeonggi,남양주지점,,,city-fund,2026년 상반기 남양주시 중소기업육성자금 추가(운전·시설자금),,,,,"운전자금 5억원 이내, 시설자금 30억원 이내","운전자금 매출액별 1.3~2.3%(청년기업 0.5% 추가), 시설자금 자금용도에 따라 보전","운전 2026.2.4.~2.6. 18:00, 시설 2026.2.4.~자금 소진 시",,https://www.nyj.go.kr/www/selectEminwonWebView.do?sa1Join=01;02;04;05&key=2492&pk=84959,,2026-10-01,Y
namyangju,남양주시,남양주,경기,jaedan-gyeonggi,남양주지점,,,city-fund,중동정세 대응 중소기업육성자금 긴급 지원(운전자금),,,,,운전자금 5억원 이내,"매출액별 이차보전 1.3~2.3%, 청년기업 인증기업 0.5% 추가",2026.5.7.~자금 소진 시까지,,https://www.nyj.go.kr/www/selectEminwonWebView.do?sa1Join=01;02;04;05&key=2492&pk=86679,,2026-10-01,Y
namyangju,남양주시,남양주,경기,jaedan-gyeonggi,남양주지점,,,city-fund,2026년 하반기 남양주시 중소기업육성자금(운전·시설자금),,,,,"운전자금 5억원 이내, 시설자금 30억원 이내","운전자금 매출액별 1.3~2.3%(청년기업 0.5% 추가), 시설자금 자금용도에 따라 보전","운전 2026.9.7.~9.11. 18:00, 시설 2026.9.7.~자금 소진 시",,https://www.nyj.go.kr/www/selectEminwonWebView.do?sa1Join=01;02;04;05&key=2492&pk=88751,,2026-10-01,Y
namyangju,남양주시,남양주,경기,jaedan-gyeonggi,남양주지점,,,city-fund,2026년 남양주시 중소기업특례보증,,,,,업체당 최대 3억원(보증기간 1~5년),,2026.1.~자금 소진 시까지,,https://www.nyj.go.kr/www/selectEminwonWebView.do?sa1Join=01;02;04;05&key=2492&pk=84727,,2026-10-01,Y
namyangju,남양주시,남양주,경기,jaedan-gyeonggi,남양주지점,,,city-fund,2026년 남양주시 소상공인 특례보증,,,,,개인별 최대 5천만원,,2026.1.27.~자금 소진 시까지,,https://www.nyj.go.kr/www/selectEminwonWebView.do?sa1Join=01;02;04;05&key=2492&pk=84824,,2026-10-01,Y
namyangju,남양주시,남양주,경기,jaedan-gyeonggi,남양주지점,,,city-fund,2026년 남양주시 소상공인 이차보전,,,,,,"연 2% 이내(3천만원 이하 2.0%, 3천만원 초과~4천만원 이하 1.7%, 4천만원 초과 1.5%), 특례보증 다음 월부터 5년",2026.1.27.~자금 소진 시까지,,https://www.nyj.go.kr/www/selectEminwonWebView.do?sa1Join=01;02;04;05&key=2492&pk=84824,,2026-10-01,Y
anyang,안양시,안양,경기,jaedan-gyeonggi,안양지점,,,jaedan-branch,경기신용보증재단 안양지점,,안양시·과천시,"경기도 안양시 만안구 만안로 217, 3층 302호(안양동, NH농협은행 건물)",1577-5900,,,,나. 접 수 처 : 경기신용보증재단 안양지점,https://www.gcgf.or.kr/gcgf/bg/gd/brnchGd.do?mi=1344,https://www.anyang.go.kr/main/emwsWebView.do?key=4104&regiNo=29544,2026-09-30,Y
anyang,안양시,안양,경기,jaedan-gyeonggi,안양지점,,,semas-center,소상공인시장진흥공단 안양센터,,안양시·군포시·의왕시·과천시,"경기 안양시 동안구 시민대로 278, 신한은행 평촌역금융센터 3층",031-383-1002,,,,,https://www.semas.or.kr/web/ORG01/ORG0111/ORG011102.kmdc,https://www.semas.or.kr/web/ORG01/ORG0111/ORG011102Ajax.kmdc?code=A409&subCode=062GG0,2026-09-30,Y
anyang,안양시,안양,경기,jaedan-gyeonggi,안양지점,,,city-fund,2026년 안양시 중소기업육성자금 융자 이자차액보전,,,,,"운전·기술개발자금 6억원, 시설자금 일반 5억원·특별 30억원, 특별시책자금 최대 8억원","이자차액보전 1.0~2.5%(운전 1.5%, 시설 1.0%, 특별시책 1.5~2.0%)",공고일~자금소진 시까지,,https://www.anyang.go.kr/main/emwsWebView.do?key=4104&regiNo=29942,,2026-10-01,Y
anyang,안양시,안양,경기,jaedan-gyeonggi,안양지점,,,city-fund,2026년 안양시 중소기업 특례보증,,,,,업체당 3억원 이내(융자기간 3년),,연중 수시(보증규모 소진 시까지),,https://www.anyang.go.kr/main/emwsWebView.do?key=4104&regiNo=29544,,2026-10-01,Y
anyang,안양시,안양,경기,jaedan-gyeonggi,안양지점,,,city-fund,2026년도 안양시 소상공인 육성 특례보증,,,,,,,,,https://www.anyang.go.kr/main/emwsWebView.do?key=4104&regiNo=28669,,2026-10-01,Y
anyang,안양시,안양,경기,jaedan-gyeonggi,안양지점,,,city-fund,2026년 안양시 청년창업 특례보증,,,,,,,,,https://www.anyang.go.kr/main/emwsWebView.do?key=4104&regiNo=29545,,2026-10-01,Y
anyang,안양시,안양,경기,jaedan-gyeonggi,안양지점,,,city-fund,2026년도 안양시 소상공인 이자차액 보전금,,,,,업체당 최고 2천만원 이내,"대출금리 중 연 2%, 5년간 지원",공고일로부터 자금 소진 시까지,,https://www.anyang.go.kr/main/emwsWebView.do?key=4104&regiNo=28682,,2026-10-01,Y
pyeongtaek,평택시,평택,경기,jaedan-gyeonggi,평택지점,,,jaedan-branch,경기신용보증재단 평택지점,,평택시,"경기도 평택시 중앙로 37, 3층(통복동, NH농협은행 평택시지부 건물)",1577-5900,,,,2. 접 수 처 : 경기신용보증재단 평택지점(특례보증),https://www.gcgf.or.kr/gcgf/bg/gd/brnchGd.do?mi=1344,https://www.pyeongtaek.go.kr/pyeongtaek/saeol/gosi/view.do?notAncmtMgtNo=122284&mid=0401020100,2026-09-30,Y
pyeongtaek,평택시,평택,경기,jaedan-gyeonggi,평택지점,,,semas-center,소상공인시장진흥공단 평택센터,,평택시,"경기 평택시 중앙로 31, 우리은행 평택금융센터 2층",031-666-0260,,,,,https://www.semas.or.kr/web/ORG01/ORG0111/ORG011102.kmdc,https://www.semas.or.kr/web/ORG01/ORG0111/ORG011102Ajax.kmdc?code=A409&subCode=061GA1,2026-09-30,Y
pyeongtaek,평택시,평택,경기,jaedan-gyeonggi,평택지점,,,city-fund,2026년 평택시 청년창업 특례보증,,,,,업체당 5천만원 이내(융자기간 1~5년),대출금리 개인 신용도에 따라 상이,2026.1.6.~예산 소진 시까지(접수 수시),,https://www.pyeongtaek.go.kr/pyeongtaek/saeol/gosi/view.do?notAncmtMgtNo=122284&mid=0401020100,,2026-10-01,Y
pyeongtaek,평택시,평택,경기,jaedan-gyeonggi,평택지점,,,city-fund,2026년 평택시 청년창업 특례보증 이차보전,,,,,,약정 이자율 중 대출이자 1년간 2% 지원(1년 한도),2026.1.6.~예산 소진 시까지(접수 수시),,https://www.pyeongtaek.go.kr/pyeongtaek/saeol/gosi/view.do?notAncmtMgtNo=122284&mid=0401020100,,2026-10-01,Y
pyeongtaek,평택시,평택,경기,jaedan-gyeonggi,평택지점,,,city-fund,2026년 평택시 중소기업 동반성장지원사업,,,,,"업체별 최대 10억원(운전·시설자금, 지원기간 1년·1년 추가 연장 가능)",이자지원율 자동감면 1.09%(신용등급·거래기여도·담보 등에 따라 최대 1.40% 추가 감면 가능),2026.4.28.~2027.3.20.,,https://www.pyeongtaek.go.kr/pyeongtaek/saeol/gosi/view.do?notAncmtMgtNo=118433&mid=0401020100,,2026-10-04,Y
siheung,시흥시,시흥,경기,jaedan-gyeonggi,시흥지점,,,jaedan-branch,경기신용보증재단 시흥지점,,시흥시,"경기도 시흥시 산기대학로 237, 12층(정왕동, 시흥비즈니스센터)",1577-5900,,,,나. 접 수 처 : 경기신용보증재단 시흥지점[☎ 1577-5900],https://www.gcgf.or.kr/gcgf/bg/gd/brnchGd.do?mi=1344,https://www.siheung.go.kr/main/saeol/gosi/view.do?notAncmtMgtNo=82127&mId=0401040100,2026-09-30,Y
siheung,시흥시,시흥,경기,jaedan-gyeonggi,시흥지점,,,semas-center,소상공인시장진흥공단 시흥센터,,시흥시,경기 시흥시 은계로 347 다온프라자 4층 403호,031-311-2689,,,,,https://www.semas.or.kr/web/ORG01/ORG0111/ORG011102.kmdc,https://www.semas.or.kr/web/ORG01/ORG0111/ORG011102Ajax.kmdc?code=A623&subCode=A421,2026-09-30,Y
siheung,시흥시,시흥,경기,jaedan-gyeonggi,시흥지점,,,city-fund,2026년 시흥시 중소기업 육성자금(운전·특별·재해자금 통합),,,,,"운전자금 3억원, 특별자금(창업) 1억원, 재해자금 3억원 이내",이차보전 0.5~3.0%(특별·우대 포함 최대 3.0%) / 재해자금 3%,2026. 1. 26.~자금 소진 시(2026. 8. 10. 신규지원 종료 공고),,https://www.siheung.go.kr/main/saeol/gosi/view.do?notAncmtMgtNo=81905&mId=0401040100,,2026-10-01,Y
siheung,시흥시,시흥,경기,jaedan-gyeonggi,시흥지점,,,city-fund,2026년 시흥시 중소기업 특례보증,,,,,업체당 3억원 이내(보증기간 3년 이내),,2026. 1.~가용금액 소진 시,,https://www.siheung.go.kr/main/saeol/gosi/view.do?notAncmtMgtNo=81909&mId=0401040100,,2026-10-01,Y
siheung,시흥시,시흥,경기,jaedan-gyeonggi,시흥지점,,,city-fund,2026년 시흥시 일반 소상공인 특례보증 및 이차보전,,,,,업체당 최대 5천만원,"이차보전 1년차 2%, 2~5년차 1%",2026. 2.~자금 소진 시(수시),,https://www.siheung.go.kr/main/saeol/gosi/view.do?notAncmtMgtNo=82127&mId=0401040100,,2026-10-01,Y
siheung,시흥시,시흥,경기,jaedan-gyeonggi,시흥지점,,,city-fund,2026년 시흥시 화재피해 소상공인 특례보증 및 이차보전,,,,,업체당 최대 1억원(피해복구금액의 70% 이내),이차보전 5년간 연 2%,2026. 2.~자금 소진 시(수시),,https://www.siheung.go.kr/main/saeol/gosi/view.do?notAncmtMgtNo=82128&mId=0401040100,,2026-10-01,Y
paju,파주시,파주,경기,jaedan-gyeonggi,파주지점,,,jaedan-branch,경기신용보증재단 파주지점,,파주시,"경기도 파주시 문화로 98, 3층(금촌동, 농협은행 파주시지부 건물)",1577-5900,,,,- 보증기관: 경기신용보증재단 파주지점,https://www.gcgf.or.kr/gcgf/bg/gd/brnchGd.do?mi=1344,https://www.paju.go.kr/user/board/BD_board.view.do?bbsCd=1022&seq=20260119101158902,2026-09-30,Y
paju,파주시,파주,경기,jaedan-gyeonggi,파주지점,,,semas-center,소상공인시장진흥공단 고양센터,,고양시·파주시,경기 고양시 일산동구 장백로 204보림빌딩 604호,031-925-4266,,,,,https://www.semas.or.kr/web/ORG01/ORG0111/ORG011102.kmdc,https://www.semas.or.kr/web/ORG01/ORG0111/ORG011102Ajax.kmdc?code=A623&subCode=062GF0,2026-09-30,Y
paju,파주시,파주,경기,jaedan-gyeonggi,파주지점,,,city-fund,2026년 상반기 파주시 중소기업 운전자금 이차보전,,,,,업체당 3억원 이내,대출금리 중 2% 이자차액 보전,2026. 1. 12.~1. 23.,,https://www.paju.go.kr/user/board/BD_board.view.do?bbsCd=1022&seq=20260109090758875,,2026-10-01,Y
paju,파주시,파주,경기,jaedan-gyeonggi,파주지점,,,city-fund,2026년 파주시 소상공인 운전자금(특례보증·이차보전),,,,,개인별 최대 5천만원,"이차보전 2%(일반), 2.5%(청년) / 지원기간 4년",2026. 1.~자금 소진 시,,https://www.paju.go.kr/user/board/BD_board.view.do?bbsCd=1022&seq=20260119101158902,,2026-10-01,Y
gimpo,김포시,김포,경기,jaedan-gyeonggi,김포지점,,,jaedan-branch,경기신용보증재단 김포지점,,김포시,"경기도 김포시 김포대로 851, 6층 601호(사우동, 제일메디칼센터)",1577-5900,,,,○ 접수기관 : 경기신용보증재단 김포지점 ※ 신청 전 재단 담당자 사전 문의,https://www.gcgf.or.kr/gcgf/bg/gd/brnchGd.do?mi=1344,https://www.gimpo.go.kr/portal/ntfcPblancView.do?key=1004&ntcn_no=72565,2026-09-30,Y
gimpo,김포시,김포,경기,jaedan-gyeonggi,김포지점,,,semas-center,소상공인시장진흥공단 김포센터,,김포시,"경기 김포시 돌문로49, 원정빌딩 4층",031-997-4302,,,,,https://www.semas.or.kr/web/ORG01/ORG0111/ORG011102.kmdc,https://www.semas.or.kr/web/ORG01/ORG0111/ORG011102Ajax.kmdc?code=A623&subCode=A422,2026-09-30,Y
gimpo,김포시,김포,경기,jaedan-gyeonggi,김포지점,,,city-fund,2026년 김포시 중소기업 육성자금(운전·시설자금),,,,,"운전자금 5억원, 시설자금 10억원 이내",대출금리 중 0.5~3.0% 이자차액 보전(최대 3.0%),2026. 4.~자금 소진 시(매월 1~7일 접수),,https://www.gimpo.go.kr/portal/ntfcPblancView.do?key=1004&ntcn_no=73493,,2026-10-01,Y
gimpo,김포시,김포,경기,jaedan-gyeonggi,김포지점,,,city-fund,2026년 김포시 중소기업 특례보증,,,,,기업당 3억원 이내,,2026. 1.~자금 소진 시(연중 수시),,https://www.gimpo.go.kr/portal/ntfcPblancView.do?key=1004&ntcn_no=72565,,2026-10-01,Y
gimpo,김포시,김포,경기,jaedan-gyeonggi,김포지점,,,city-fund,2026년 김포시 청년기업 특례보증,,,,,기업당 3억원 이내,,2026. 1.~자금 소진 시(연중 수시),,https://www.gimpo.go.kr/portal/ntfcPblancView.do?key=1004&ntcn_no=72540,,2026-10-01,Y
gimpo,김포시,김포,경기,jaedan-gyeonggi,김포지점,,,city-fund,2026년 김포시 소상공인 특례보증,,,,,업체당 5천만원 이내,,2026. 1. 26.~예산 소진 시,,https://www.gimpo.go.kr/portal/ntfcPblancView.do?key=1004&ntcn_no=72500,,2026-10-01,Y
gimpo,김포시,김포,경기,jaedan-gyeonggi,김포지점,,,city-fund,2026년 김포시 소상공인 운전자금 이자차액 지원,,,,,업체당 5천만원 이내,대출금리 중 2.0~3.0% 이자차액 보전(기본 2.0% + 우대·추가),2026. 3.~자금 소진 시,,https://www.gimpo.go.kr/portal/ntfcPblancView.do?key=1004&ntcn_no=73069,,2026-10-01,Y
cheongju,청주시,청주,충북,jaedan-chungbuk,,청주시 공고 기준으로 청주시의 신용보증재단 업무는 충북신용보증재단 보증지원부(서원구·흥덕구)와 동청주지점(상당구·청원구)이 담당합니다. 재단 사이트는 같은 창구를 본점·청주상당지점·청주청원지점으로 적고 있습니다.,,jaedan-branch,충북신용보증재단 보증지원부,보증지원부(재단 사이트 표기: 본점),서원구·흥덕구(청주시 공고) / 청주시 서원구·청주시 흥덕구(재단 사이트 본점),"(28399) 충북 청주시 흥덕구 풍산로 50, 5층 (가경동, 중소기업지원센터)",043-249-5700,,,,"❍ 보증지원부(관할 : 서원구, 흥덕구) ☎ 043-249-5700",https://www.cheongju.go.kr/www/selectEminwonNoticeView.do?key=281&notAncmtMgtNo=150057,https://www.cbsinbo.or.kr/sub.php?code=10,2026-10-01,Y
cheongju,청주시,청주,충북,jaedan-chungbuk,,청주시 공고 기준으로 청주시의 신용보증재단 업무는 충북신용보증재단 보증지원부(서원구·흥덕구)와 동청주지점(상당구·청원구)이 담당합니다. 재단 사이트는 같은 창구를 본점·청주상당지점·청주청원지점으로 적고 있습니다.,,jaedan-branch,충북신용보증재단 동청주지점,동청주지점(재단 사이트 표기: 청주상당·청주청원지점),상당구·청원구(청주시 공고) / 청주상당지점 청주시 상당구 · 청주청원지점 청주시 청원구·증평군·괴산군(재단 사이트),"청주상당지점 (28516) 충북 청주시 상당구 상당로 60 (문화동, 충북신용보증재단) · 청주청원지점 (28328) 충북 청주시 청원구 공항로150번길 73, 5층 (율량동, KT빌딩)",,,,,"❍ 동청주지점(관할 : 상당구, 청원구) ☎ 043-279-7950",https://www.cheongju.go.kr/www/selectEminwonNoticeView.do?key=281&notAncmtMgtNo=150057,https://www.cbsinbo.or.kr/sub.php?code=10,2026-10-01,Y
cheongju,청주시,청주,충북,jaedan-chungbuk,,청주시 공고 기준으로 청주시의 신용보증재단 업무는 충북신용보증재단 보증지원부(서원구·흥덕구)와 동청주지점(상당구·청원구)이 담당합니다. 재단 사이트는 같은 창구를 본점·청주상당지점·청주청원지점으로 적고 있습니다.,,semas-center,소상공인시장진흥공단 청주센터,,청주시,충북 청주시 청원구 오창읍 중심상업2로 48 충북지방중소벤처기업청 1층,043-234-1095,,,,,https://www.semas.or.kr/web/ORG01/ORG0111/ORG011102.kmdc,https://www.semas.or.kr/web/ORG01/ORG0111/ORG011102Ajax.kmdc?code=A644&subCode=091JA0,2026-09-30,Y
cheongju,청주시,청주,충북,jaedan-chungbuk,,청주시 공고 기준으로 청주시의 신용보증재단 업무는 충북신용보증재단 보증지원부(서원구·흥덕구)와 동청주지점(상당구·청원구)이 담당합니다. 재단 사이트는 같은 창구를 본점·청주상당지점·청주청원지점으로 적고 있습니다.,,city-fund,2026년 청주시 중소기업육성자금 경영안정자금(이차보전),,,,,8억원 이내,"연 3% 이내 이차보전(4년, 시 유망중소기업·고용선도기업 5년)",1차 3. 9.~3. 13. / 2차 6. 8.~6. 12. / 3차 9. 7.~9. 11. / 4차 11. 9.~11. 13.,,https://www.cheongju.go.kr/www/selectEminwonNoticeView.do?key=281&notAncmtMgtNo=150007,,2026-10-01,Y
cheongju,청주시,청주,충북,jaedan-chungbuk,,청주시 공고 기준으로 청주시의 신용보증재단 업무는 충북신용보증재단 보증지원부(서원구·흥덕구)와 동청주지점(상당구·청원구)이 담당합니다. 재단 사이트는 같은 창구를 본점·청주상당지점·청주청원지점으로 적고 있습니다.,,city-fund,2026년 청주시 중소기업육성자금 특별경영안정자금(이차보전),,,,,5억원 이내(시 육성자금 한도 8억원 내 1회 중복 가능),연 3% 이내 이차보전(4년),공고일(2026. 1. 12.)~자금 소진 시(3. 25. 변경공고로 중동사태 피해기업 추가),,https://www.cheongju.go.kr/www/selectEminwonNoticeView.do?key=281&notAncmtMgtNo=150007,,2026-10-01,Y
cheongju,청주시,청주,충북,jaedan-chungbuk,,청주시 공고 기준으로 청주시의 신용보증재단 업무는 충북신용보증재단 보증지원부(서원구·흥덕구)와 동청주지점(상당구·청원구)이 담당합니다. 재단 사이트는 같은 창구를 본점·청주상당지점·청주청원지점으로 적고 있습니다.,,city-fund,2026년 청주시 중소기업육성자금 지식산업센터 분양입주자금(이차보전),,,,,5억원 이내(분양 입주자금의 70% 이내),연 3% 이내 이차보전(5년),공고일(2026. 1. 12.)~자금 소진 시,,https://www.cheongju.go.kr/www/selectEminwonNoticeView.do?key=281&notAncmtMgtNo=150007,,2026-10-01,Y
cheongju,청주시,청주,충북,jaedan-chungbuk,,청주시 공고 기준으로 청주시의 신용보증재단 업무는 충북신용보증재단 보증지원부(서원구·흥덕구)와 동청주지점(상당구·청원구)이 담당합니다. 재단 사이트는 같은 창구를 본점·청주상당지점·청주청원지점으로 적고 있습니다.,,city-fund,2026년 청주형 소상공인 육성자금(충북신용보증재단 보증),,,,,5천만원 이내(착한가격업소 7천만원 이내),"이차보전 연 3%(최대 3년), 협약금리 고정 4.59% 또는 CD91일+1.5% 이내 등(기관별)",1차 2026. 1. 26.~한도 소진 시 / 2차 2026. 8. 24.~한도 소진 시,,https://www.cheongju.go.kr/www/selectEminwonNoticeView.do?key=281&notAncmtMgtNo=150057,,2026-10-01,Y
cheongju,청주시,청주,충북,jaedan-chungbuk,,청주시 공고 기준으로 청주시의 신용보증재단 업무는 충북신용보증재단 보증지원부(서원구·흥덕구)와 동청주지점(상당구·청원구)이 담당합니다. 재단 사이트는 같은 창구를 본점·청주상당지점·청주청원지점으로 적고 있습니다.,,city-fund,2026년 저신용·저소득 소상공인 대출이자 지원(미소금융),,,,,"3천만원 이내(운영자금 2천만원, 긴급생계자금 1천만원)",대출금리 4.5% 중 연 3% 3년간 지원,2026. 1. 2.~한도 소진 시,,https://www.cheongju.go.kr/www/selectEminwonNoticeView.do?key=281&notAncmtMgtNo=149606,,2026-10-01,Y
jeonju,전주시,전주,전북,jaedan-jeonbuk,완산·덕진지점,,,jaedan-branch,전북신용보증재단 완산지점,,전주완산,"전주시 완산구 홍산로 276, 전주상공회의소 2층",063-230-3347,,,,,https://www.jbcredit.or.kr/site/menu/MENU_000000000000015,,2026-09-30,Y
jeonju,전주시,전주,전북,jaedan-jeonbuk,완산·덕진지점,,,jaedan-branch,전북신용보증재단 덕진지점,,전주덕진,전주시 덕진구 송천로 1 (센트럴파크아파트) 1-102호(송천동 센트럴파크 상가 블록동),063-230-3385,,,,,https://www.jbcredit.or.kr/site/menu/MENU_000000000000015,,2026-09-30,Y
jeonju,전주시,전주,전북,jaedan-jeonbuk,완산·덕진지점,,,semas-center,소상공인시장진흥공단 전주센터,,전주시·완주군·진안군·무주군,전북 전주시 완산구 홍산로 276 전주상공회의소 6층,063-231-8110,,,,,https://www.semas.or.kr/web/ORG01/ORG0111/ORG011102.kmdc,https://www.semas.or.kr/web/ORG01/ORG0111/ORG011102Ajax.kmdc?code=A645&subCode=101KA0,2026-09-30,Y
jeonju,전주시,전주,전북,jaedan-jeonbuk,완산·덕진지점,,,city-fund,2026년 상반기 전주시 중소기업육성자금,,,,,업체당 3억원 이내(연간매출액의 1/2 범위),"이차보전율 일반기업 3.0%, 여성·장애인·벤처·바이전주·우수향토·이노비즈 3.5%","매월 접수(1. 12.~1. 16. 부터 월별), 융자 소진 시까지",,https://www.jeonju.go.kr/planweb/board/view.9is?dataUid=a7ff7171e62e4b18baf72587eb36d47f&contentUid=ff8080818990c349018b041a879f395a&boardUid=9be517a7914528ce01930aa3ddc26cf0,,2026-10-01,Y
jeonju,전주시,전주,전북,jaedan-jeonbuk,완산·덕진지점,,,city-fund,2026년 하반기 전주시 중소기업육성자금,,,,,업체당 3억원 이내(연간매출액의 1/2 범위),"이차보전율 일반기업 3.0%, 여성·장애인·벤처·바이전주·우수향토·이노비즈 3.5%","매월 접수(8. 10.~8. 14. ~ 12. 7.~12. 11.), 융자 소진 시까지",,https://www.jeonju.go.kr/planweb/board/view.9is?dataUid=8ed018ab021e42208d38bf5817fe9c1b&contentUid=ff8080818990c349018b041a879f395a&boardUid=9be517a7914528ce01930aa3ddc26cf0,,2026-10-01,Y
changwon,창원시,창원,경남,jaedan-gyeongnam,창원·마산·진해지점,,,jaedan-branch,경남신용보증재단 창원지점,,의창구·성산구,"경남 창원시 성산구 원이대로 362, 1층 (창원컨벤션센터 1층)",1644-2900,,,,"창원지점 | 의창구 원이대로 362, 창원컨벤션센터 1층 | 1644-2900 | 성산ㆍ의창구",https://www.gnsinbo.or.kr/bbs/content.php?co_id=01_01_05,https://www.changwon.go.kr/cwportal/10310/10438/10439.web?amode=view&not_ancmt_mgt_no=211423&section=gosi,2026-09-30,Y
changwon,창원시,창원,경남,jaedan-gyeongnam,창원·마산·진해지점,,,jaedan-branch,경남신용보증재단 마산지점,,마산회원구·마산합포구 / 공동관할: 고성군,"경남 창원시 마산합포구 북성로 5, 2층 (NH 농협은행 마산지점 2층)",1644-2900,,,,"창원지점 | 의창구 원이대로 362, 창원컨벤션센터 1층 | 1644-2900 | 성산ㆍ의창구",https://www.gnsinbo.or.kr/bbs/content.php?co_id=01_01_05,https://www.changwon.go.kr/cwportal/10310/10438/10439.web?amode=view&not_ancmt_mgt_no=211423&section=gosi,2026-09-30,Y
changwon,창원시,창원,경남,jaedan-gyeongnam,창원·마산·진해지점,,,jaedan-branch,경남신용보증재단 진해지점,,진해구,"경남 창원시 진해구 충장로 124, 1층 (BNK 경남은행 진해지점1층)",1644-2900,,,,"창원지점 | 의창구 원이대로 362, 창원컨벤션센터 1층 | 1644-2900 | 성산ㆍ의창구",https://www.gnsinbo.or.kr/bbs/content.php?co_id=01_01_05,https://www.changwon.go.kr/cwportal/10310/10438/10439.web?amode=view&not_ancmt_mgt_no=211423&section=gosi,2026-09-30,Y
changwon,창원시,창원,경남,jaedan-gyeongnam,창원·마산·진해지점,,,semas-center,소상공인시장진흥공단 창원센터,,"창원시(구,마산시,진해시)·창녕군·함안군","경남 창원시 성산구 상남로 60, 오션타워 5층(502, 503호)",055-275-3271,,,,,https://www.semas.or.kr/web/ORG01/ORG0111/ORG011102.kmdc,https://www.semas.or.kr/web/ORG01/ORG0111/ORG011102Ajax.kmdc?code=A631&subCode=111LA0,2026-09-30,Y
changwon,창원시,창원,경남,jaedan-gyeongnam,창원·마산·진해지점,,,city-fund,2026년 창원시 중소기업 육성자금 경영안정자금,,,,,"특례대상 5억 원, 공장등록 제조업체 3억 원, 소프트웨어·제조관련서비스 등 1억 원(매출액 1/2 범위, 시설자금 합산 5억 원·특례 10억 원)","이차보전 연 2.5%(2년 거치기간), 연 1.5%(1년 분기별 균등 상환기간)",2026. 1. 2.(금) ~ 자금 소진 시까지,,https://www.changwon.go.kr/cwportal/10310/10438/10439.web?amode=view&not_ancmt_mgt_no=201943&section=gosi,,2026-10-01,Y
changwon,창원시,창원,경남,jaedan-gyeongnam,창원·마산·진해지점,,,city-fund,2026년 창원시 중소기업 육성자금 시설자금,,,,,"특례대상 10억 원, 공장등록 제조업체 5억 원, 소프트웨어·제조관련서비스 등 2억 원(매출액 1/2 범위)","이차보전 연 2.5%(2년 거치기간), 연 1.5%(1년 분기별 균등 상환기간)",2026. 1. 2.(금) ~ 자금 소진 시까지,,https://www.changwon.go.kr/cwportal/10310/10438/10439.web?amode=view&not_ancmt_mgt_no=201943&section=gosi,,2026-10-01,Y
changwon,창원시,창원,경남,jaedan-gyeongnam,창원·마산·진해지점,,,city-fund,2026년 하반기 창원시 소상공인 육성자금,,,,,5천만 원 이내,1년간 연 2.5% 이차보전(착한가격업소 연 3.0%),2026. 9. 28. 09:00부터 보증신청 접수 개시,,https://www.changwon.go.kr/cwportal/10310/10438/10439.web?amode=view&not_ancmt_mgt_no=211423&section=gosi,,2026-10-01,Y
gimhae,김해시,김해,경남,jaedan-gyeongnam,김해지점,,,jaedan-branch,경남신용보증재단 김해지점,,김해시,"경남 김해시 주촌면 골든루트로 80-16 ,3층 (김해중소기업비즈니스센터 3층)",1644-2900,,,,"□ 신용보증기관 : 경남신용보증재단 김해지점(☎ 338-2390, Fax 338-2396)",https://www.gnsinbo.or.kr/bbs/content.php?co_id=01_01_05,https://www.gimhae.go.kr/03360/00023/00029.web?amode=view&not_ancmt_mgt_no=109947&section=01,2026-09-30,Y
gimhae,김해시,김해,경남,jaedan-gyeongnam,김해지점,,,semas-center,소상공인시장진흥공단 김해센터,,김해시,경남 김해시 호계로422번길 24김해상공회의소 1층,055-323-4960,,,,,https://www.semas.or.kr/web/ORG01/ORG0111/ORG011102.kmdc,https://www.semas.or.kr/web/ORG01/ORG0111/ORG011102Ajax.kmdc?code=A631&subCode=112LC0,2026-09-30,Y
gimhae,김해시,김해,경남,jaedan-gyeongnam,김해지점,,,city-fund,2026년 상반기 김해시 중소기업육성자금 경영안정자금,,,,,"최대 2억원(매출액별 1억~5억원, 시설자금 합산)",이차보전율 2.5%(우대기업 0.5% 추가),2026. 01. 14. ~ 자금소진 시까지,,https://www.gimhae.go.kr/06613.web?amode=view&idx=2576262&gcode=2008,,2026-10-01,Y
gimhae,김해시,김해,경남,jaedan-gyeongnam,김해지점,,,city-fund,2026년 하반기 김해시 중소기업육성자금 경영안정자금,,,,,"최대 2억원(매출액별 1억~5억원, 시설자금 합산)",이차보전율 2.5%(우대기업 0.5% 추가),2026. 07. 27. ~ 자금소진 시까지,,https://www.gimhae.go.kr/06613.web?amode=view&idx=2588976&gcode=2008,,2026-10-01,Y
gimhae,김해시,김해,경남,jaedan-gyeongnam,김해지점,,,city-fund,2026년 김해시 중소기업육성자금 시설자금,,,,,"최대 3억원(매출액별 1억~5억원, 경영안정자금 합산)",이차보전율 2%(우대기업 0.5% 추가),2026. 02. 09. ~ 자금소진 시까지,,https://www.gimhae.go.kr/06613.web?amode=view&idx=2588976&gcode=2008,,2026-10-01,Y
gimhae,김해시,김해,경남,jaedan-gyeongnam,김해지점,,,city-fund,2026년 김해시 기술창업자금,,,,,업체당 2억원 이내,이차보전 연 2%,2026. 02. 09. ~ 자금 소진 시까지,,https://www.gimhae.go.kr/06613.web?amode=view&idx=2588976&gcode=2008,,2026-10-01,Y
gimhae,김해시,김해,경남,jaedan-gyeongnam,김해지점,,,city-fund,2026년 김해시 중소기업 신용보증서 발급수수료 지원,,,,,"신용보증서 발급 수수료의 50%(최초 1회, 최대 100만 원 이내)",,2026. 03. 02. ~ 자금 소진 시까지,,https://www.gimhae.go.kr/06613.web?amode=view&idx=2588976&gcode=2008,,2026-10-01,Y
gimhae,김해시,김해,경남,jaedan-gyeongnam,김해지점,,,city-fund,2026년 하반기 김해시 소상공인 육성자금,,,,,5천만원,2년간 연 2.5% 이차보전(착한가격업소·다둥이·청년몰·청년창업자 연 3%),"보증대출 1차 9.16.(수) 9시, 2차 9.30.(수) 9시 / 담보신용대출 9.16.(수) ~ 자금 소진 시까지",,https://www.gimhae.go.kr/03360/00023/00029.web?amode=view&not_ancmt_mgt_no=109947&section=01,,2026-10-01,Y
pohang,포항시,포항,경북,jaedan-gyeongbuk,포항지점,,,jaedan-branch,경북신용보증재단 동부센터(포항지점),,포항·울진·영덕·울릉,"경북 포항시 북구 포스코대로 299,(죽도동 642-4) (신한은행 포스코대로금융센터 3층)",1588-7679(AI 콜센터),,,,5. 신 청 처 : 경북신용보증재단 포항지점,https://gbsinbo.co.kr/page/10051/10031.tc,https://www.pohang.go.kr/portal/saeol/gosi/view.do?notAncmtMgtNo=70373&mid=0202010000,2026-09-30,Y
pohang,포항시,포항,경북,jaedan-gyeongbuk,포항지점,,,semas-center,소상공인시장진흥공단 포항센터,,포항시·영덕군·울진군·울릉군,경북 포항시 북구 포스코대로299 신한은행 4층,054-231-4363,,,,,https://www.semas.or.kr/web/ORG01/ORG0111/ORG011102.kmdc,https://www.semas.or.kr/web/ORG01/ORG0111/ORG011102Ajax.kmdc?code=U53&subCode=032DE0,2026-09-30,Y
pohang,포항시,포항,경북,jaedan-gyeongbuk,포항지점,,,city-fund,2026년 포항시 중소기업 운전자금 이차보전 지원,,,,,"일반기업 최대 3억원, 우대기업 최대 5억원",이차보전율 4%(일반·우대기업),2026. 1. 8. ~ 12. 11. (자금 소진 시까지),,https://www.pohang.go.kr/portal/saeol/gosi/view.do?notAncmtMgtNo=69563&mid=0202010000,,2026-10-01,Y
pohang,포항시,포항,경북,jaedan-gyeongbuk,포항지점,,,city-fund,2026년 포항시 중소기업 시설자금 이차보전 지원,,,,,"일반기업 5억원, 우대기업 7억원","이차보전율 일반기업 2.5%, 우대기업 4%",2026. 2. 4. ~ 12. 11. (자금 소진 시까지),,https://www.pohang.go.kr/portal/saeol/gosi/view.do?notAncmtMgtNo=70297&mid=0202010000,,2026-10-01,Y
pohang,포항시,포항,경북,jaedan-gyeongbuk,포항지점,,,city-fund,2026 포항시 소상공인 희망동행 특례보증 지원사업,,,,,"일반 5천만원 이내, 우대 10천만원 이내",2년간 대출이자 3% 내 지원(이차보전),2026. 2. 9. ~ 자금 소진시까지,,https://www.pohang.go.kr/portal/saeol/gosi/view.do?notAncmtMgtNo=70373&mid=0202010000,,2026-10-01,Y
seoul-gangseo,서울 강서구,강서구,서울,jaedan-seoul,강서종합지원센터,강서구 특별신용보증 접수처는 서울신용보증재단 강서종합지원센터(강서구 공항대로 236)입니다.,강서구 특별신용보증은 어디서 접수하나요?,jaedan-branch,서울신용보증재단 강서종합지원센터,,재단 사이트 미공개 — 강서구 특별신용보증 접수처(구 공고 근거),"서울시 강서구 공항대로 236, 쿠쿠마곡빌딩 6층",1577-6119,,,,- 2026. 03. 16.(월) ~ : 서울신용보증재단 강서종합지원센터,https://www.gangseo.seoul.kr/gs040101/317571,https://www.seoulshinbo.co.kr/wbase/contents.do?mng_cd=CSTM5346,2026-10-01,Y
seoul-gangseo,서울 강서구,강서구,서울,jaedan-seoul,강서종합지원센터,강서구 특별신용보증 접수처는 서울신용보증재단 강서종합지원센터(강서구 공항대로 236)입니다.,강서구 특별신용보증은 어디서 접수하나요?,semas-center,소상공인시장진흥공단 서울서부센터,,강서구·양천구·영등포구,서울 영등포구 영등포로33 목동비즈타워 604호,02-839-8311,,,,,https://www.semas.or.kr/web/ORG01/ORG0111/ORG011102.kmdc,https://www.semas.or.kr/web/ORG01/ORG0111/ORG011102Ajax.kmdc?code=A572&subCode=012C02,2026-09-30,Y
seoul-gangseo,서울 강서구,강서구,서울,jaedan-seoul,강서종합지원센터,강서구 특별신용보증 접수처는 서울신용보증재단 강서종합지원센터(강서구 공항대로 236)입니다.,강서구 특별신용보증은 어디서 접수하나요?,city-fund,2026년도 강서구 중소기업육성기금 융자,,,,,"공장등록·벤처·이노비즈 3억원, 그 외 중소기업·소상공인 5천만원 이내",연 0.8%(1년 거치 4년 균등분할),2026. 2. 9.~12. 31.(자금 소진 시 조기종료; 접수 마감 게시),,https://www.gangseo.seoul.kr/gs040101/317569,,2026-10-01,Y
seoul-gangseo,서울 강서구,강서구,서울,jaedan-seoul,강서종합지원센터,강서구 특별신용보증 접수처는 서울신용보증재단 강서종합지원센터(강서구 공항대로 236)입니다.,강서구 특별신용보증은 어디서 접수하나요?,city-fund,2026년도 강서구 중소기업·소상공인 희망금융 특별신용보증,,,,,업체당 5천만원 이내(기 보증금액 포함),CD금리(91일) + 가산금리(1.6~1.8%) - 1.8%(3개월 변동),2026. 2. 9.~12. 31.(자금 소진 시 조기종료),,https://www.gangseo.seoul.kr/gs040101/317571,,2026-10-01,Y
